EXTENTS,1
0.000000,100.000000,0.000000,130.279898
LIMITS,1
0.000000,100.000000,0.000000,130.279898
BASE,1
0.000000,0.000000
DWGVIEW,1
50.000000,65.139949,140.702290
MODERES,1
0,1.000000
MODEGRID,1
0,0.000000
MODEORTHO,1
0
MODEFILL,1
1
TXTSIZE,1
0.200000
TRACEWID,1
0.050000
LAYER,1
1
LAYERC,1
255,8,9,57,59,250,252,253,254,250,255,255,255,255,255,255
255,255,255,255,255,255,255,255,255,255,255,255,255,255,255,255
255,255,255,255,255,255,255,255,255,255,255,255,255,255,255,255
255,255,255,255,255,255,255,255,255,255,255,255,255,255,255,255
255,255,255,255,255,255,255,255,255,255,255,255,255,255,255,255
255,255,255,255,255,255,255,255,255,255,255,255,255,255,255,255
255,255,255,255,255,255,255,255,255,255,255,255,255,255,255,255
255,255,255,255,255,255,255,255,255,255,255,255,255,255,255,255
SOLID,6
0.000000,129.237659,4.166667,129.237659
0.000000,130.279898,4.166667,130.279898
SOLID,3
4.166667,126.110941,6.250000,126.110941
4.166667,130.279898,6.250000,130.279898
SOLID,6
6.250000,129.237659,18.750000,129.237659
6.250000,130.279898,18.750000,130.279898
SOLID,1
18.750000,129.237659,36.458333,129.237659
18.750000,130.279898,36.458333,130.279898
SOLID,7
36.458333,129.237659,50.000000,129.237659
36.458333,130.279898,50.000000,130.279898
SOLID,2
50.000000,129.237659,72.916667,129.237659
50.000000,130.279898,72.916667,130.279898
SOLID,7
72.916667,128.195420,73.958333,128.195420
72.916667,130.279898,73.958333,130.279898
SOLID,2
73.958333,128.195420,85.416667,128.195420
73.958333,130.279898,85.416667,130.279898
SOLID,7
85.416667,129.237659,100.000000,129.237659
85.416667,130.279898,100.000000,130.279898
SOLID,6
0.000000,114.646310,3.125000,114.646310
0.000000,129.237659,3.125000,129.237659
SOLID,3
3.125000,128.195420,4.166667,128.195420
3.125000,129.237659,4.166667,129.237659
SOLID,3
6.250000,128.195420,8.333333,128.195420
6.250000,129.237659,8.333333,129.237659
SOLID,6
8.333333,117.773028,19.791667,117.773028
8.333333,129.237659,19.791667,129.237659
SOLID,1
19.791667,128.195420,20.833333,128.195420
19.791667,129.237659,20.833333,129.237659
SOLID,6
20.833333,118.815267,21.875000,118.815267
20.833333,129.237659,21.875000,129.237659
SOLID,1
21.875000,128.195420,29.166667,128.195420
21.875000,129.237659,29.166667,129.237659
SOLID,6
29.166667,126.110941,33.333333,126.110941
29.166667,129.237659,33.333333,129.237659
SOLID,1
33.333333,128.195420,40.625000,128.195420
33.333333,129.237659,40.625000,129.237659
SOLID,7
40.625000,128.195420,52.083333,128.195420
40.625000,129.237659,52.083333,129.237659
SOLID,2
52.083333,128.195420,55.208333,128.195420
52.083333,129.237659,55.208333,129.237659
SOLID,7
55.208333,125.068702,63.541667,125.068702
55.208333,129.237659,63.541667,129.237659
SOLID,2
63.541667,128.195420,71.875000,128.195420
63.541667,129.237659,71.875000,129.237659
SOLID,7
71.875000,113.604071,72.916667,113.604071
71.875000,129.237659,72.916667,129.237659
SOLID,7
85.416667,128.195420,95.833333,128.195420
85.416667,129.237659,95.833333,129.237659
SOLID,1
95.833333,128.195420,100.000000,128.195420
95.833333,129.237659,100.000000,129.237659
SOLID,6
3.125000,127.153180,4.166667,127.153180
3.125000,128.195420,4.166667,128.195420
SOLID,3
6.250000,126.110941,7.291667,126.110941
6.250000,128.195420,7.291667,128.195420
SOLID,6
7.291667,110.477354,8.333333,110.477354
7.291667,128.195420,8.333333,128.195420
SOLID,6
19.791667,117.773028,20.833333,117.773028
19.791667,128.195420,20.833333,128.195420
SOLID,6
21.875000,118.815267,22.916667,118.815267
21.875000,128.195420,22.916667,128.195420
SOLID,1
22.916667,126.110941,29.166667,126.110941
22.916667,128.195420,29.166667,128.195420
SOLID,6
33.333333,119.857506,34.375000,119.857506
33.333333,128.195420,34.375000,128.195420
SOLID,1
34.375000,127.153180,44.791667,127.153180
34.375000,128.195420,44.791667,128.195420
SOLID,7
44.791667,127.153180,55.208333,127.153180
44.791667,128.195420,55.208333,128.195420
SOLID,7
63.541667,121.941985,67.708333,121.941985
63.541667,128.195420,67.708333,128.195420
SOLID,2
67.708333,127.153180,71.875000,127.153180
67.708333,128.195420,71.875000,128.195420
SOLID,2
72.916667,127.153180,84.375000,127.153180
72.916667,128.195420,84.375000,128.195420
SOLID,7
84.375000,127.153180,89.583333,127.153180
84.375000,128.195420,89.583333,128.195420
SOLID,1
89.583333,127.153180,98.958333,127.153180
89.583333,128.195420,98.958333,128.195420
SOLID,6
98.958333,125.068702,100.000000,125.068702
98.958333,128.195420,100.000000,128.195420
SOLID,3
3.125000,125.068702,4.166667,125.068702
3.125000,127.153180,4.166667,127.153180
SOLID,6
34.375000,120.899745,38.541667,120.899745
34.375000,127.153180,38.541667,127.153180
SOLID,1
38.541667,126.110941,47.916667,126.110941
38.541667,127.153180,47.916667,127.153180
SOLID,7
47.916667,126.110941,55.208333,126.110941
47.916667,127.153180,55.208333,127.153180
SOLID,7
67.708333,121.941985,71.875000,121.941985
67.708333,127.153180,71.875000,127.153180
SOLID,2
72.916667,126.110941,83.333333,126.110941
72.916667,127.153180,83.333333,127.153180
SOLID,7
83.333333,125.068702,88.541667,125.068702
83.333333,127.153180,88.541667,127.153180
SOLID,1
88.541667,126.110941,94.791667,126.110941
88.541667,127.153180,94.791667,127.153180
SOLID,6
94.791667,125.068702,98.958333,125.068702
94.791667,127.153180,98.958333,127.153180
SOLID,3
4.166667,125.068702,5.208333,125.068702
4.166667,126.110941,5.208333,126.110941
SOLID,6
5.208333,110.477354,7.291667,110.477354
5.208333,126.110941,7.291667,126.110941
SOLID,6
22.916667,116.730789,23.958333,116.730789
22.916667,126.110941,23.958333,126.110941
SOLID,1
23.958333,125.068702,30.208333,125.068702
23.958333,126.110941,30.208333,126.110941
SOLID,6
30.208333,119.857506,33.333333,119.857506
30.208333,126.110941,33.333333,126.110941
SOLID,6
38.541667,120.899745,39.583333,120.899745
38.541667,126.110941,39.583333,126.110941
SOLID,1
39.583333,125.068702,45.833333,125.068702
39.583333,126.110941,45.833333,126.110941
SOLID,6
45.833333,117.773028,46.875000,117.773028
45.833333,126.110941,46.875000,126.110941
SOLID,1
46.875000,113.604071,50.000000,113.604071
46.875000,126.110941,50.000000,126.110941
SOLID,7
50.000000,125.068702,55.208333,125.068702
50.000000,126.110941,55.208333,126.110941
SOLID,7
72.916667,112.561832,73.958333,112.561832
72.916667,126.110941,73.958333,126.110941
SOLID,2
73.958333,125.068702,82.291667,125.068702
73.958333,126.110941,82.291667,126.110941
SOLID,7
82.291667,107.350636,83.333333,107.350636
82.291667,126.110941,83.333333,126.110941
SOLID,1
88.541667,125.068702,92.708333,125.068702
88.541667,126.110941,92.708333,126.110941
SOLID,6
92.708333,124.026463,94.791667,124.026463
92.708333,126.110941,94.791667,126.110941
SOLID,6
3.125000,110.477354,5.208333,110.477354
3.125000,125.068702,5.208333,125.068702
SOLID,6
23.958333,118.815267,26.041667,118.815267
23.958333,125.068702,26.041667,125.068702
SOLID,1
26.041667,124.026463,29.166667,124.026463
26.041667,125.068702,29.166667,125.068702
SOLID,6
29.166667,116.730789,30.208333,116.730789
29.166667,125.068702,30.208333,125.068702
SOLID,6
39.583333,120.899745,40.625000,120.899745
39.583333,125.068702,40.625000,125.068702
SOLID,1
40.625000,114.646310,45.833333,114.646310
40.625000,125.068702,45.833333,125.068702
SOLID,1
50.000000,116.730789,51.041667,116.730789
50.000000,125.068702,51.041667,125.068702
SOLID,7
51.041667,124.026463,53.125000,124.026463
51.041667,125.068702,53.125000,125.068702
SOLID,1
53.125000,119.857506,58.333333,119.857506
53.125000,125.068702,58.333333,125.068702
SOLID,7
58.333333,124.026463,63.541667,124.026463
58.333333,125.068702,63.541667,125.068702
SOLID,7
73.958333,112.561832,82.291667,112.561832
73.958333,125.068702,82.291667,125.068702
SOLID,7
83.333333,124.026463,87.500000,124.026463
83.333333,125.068702,87.500000,125.068702
SOLID,1
87.500000,124.026463,91.666667,124.026463
87.500000,125.068702,91.666667,125.068702
SOLID,6
91.666667,122.984224,92.708333,122.984224
91.666667,125.068702,92.708333,125.068702
SOLID,6
94.791667,124.026463,95.833333,124.026463
94.791667,125.068702,95.833333,125.068702
SOLID,1
95.833333,117.773028,100.000000,117.773028
95.833333,125.068702,100.000000,125.068702
SOLID,6
26.041667,122.984224,29.166667,122.984224
26.041667,124.026463,29.166667,124.026463
SOLID,1
51.041667,119.857506,53.125000,119.857506
51.041667,124.026463,53.125000,124.026463
SOLID,1
58.333333,119.857506,60.416667,119.857506
58.333333,124.026463,60.416667,124.026463
SOLID,7
60.416667,122.984224,63.541667,122.984224
60.416667,124.026463,63.541667,124.026463
SOLID,7
83.333333,122.984224,86.458333,122.984224
83.333333,124.026463,86.458333,124.026463
SOLID,1
86.458333,115.688549,89.583333,115.688549
86.458333,124.026463,89.583333,124.026463
SOLID,6
89.583333,122.984224,91.666667,122.984224
89.583333,124.026463,91.666667,124.026463
SOLID,6
92.708333,122.984224,93.750000,122.984224
92.708333,124.026463,93.750000,124.026463
SOLID,1
93.750000,117.773028,95.833333,117.773028
93.750000,124.026463,95.833333,124.026463
SOLID,6
26.041667,116.730789,28.125000,116.730789
26.041667,122.984224,28.125000,122.984224
SOLID,1
28.125000,121.941985,29.166667,121.941985
28.125000,122.984224,29.166667,122.984224
SOLID,1
60.416667,119.857506,61.458333,119.857506
60.416667,122.984224,61.458333,122.984224
SOLID,7
61.458333,108.392875,63.541667,108.392875
61.458333,122.984224,63.541667,122.984224
SOLID,7
83.333333,121.941985,85.416667,121.941985
83.333333,122.984224,85.416667,122.984224
SOLID,1
85.416667,115.688549,86.458333,115.688549
85.416667,122.984224,86.458333,122.984224
SOLID,1
89.583333,114.646310,90.625000,114.646310
89.583333,122.984224,90.625000,122.984224
SOLID,6
90.625000,121.941985,91.666667,121.941985
90.625000,122.984224,91.666667,122.984224
SOLID,1
91.666667,114.646310,93.750000,114.646310
91.666667,122.984224,93.750000,122.984224
SOLID,6
28.125000,116.730789,29.166667,116.730789
28.125000,121.941985,29.166667,121.941985
SOLID,7
63.541667,112.561832,66.666667,112.561832
63.541667,121.941985,66.666667,121.941985
SOLID,2
66.666667,119.857506,68.750000,119.857506
66.666667,121.941985,68.750000,121.941985
SOLID,7
68.750000,114.646310,71.875000,114.646310
68.750000,121.941985,71.875000,121.941985
SOLID,1
83.333333,116.730789,85.416667,116.730789
83.333333,121.941985,85.416667,121.941985
SOLID,1
90.625000,114.646310,91.666667,114.646310
90.625000,121.941985,91.666667,121.941985
SOLID,6
34.375000,119.857506,35.416667,119.857506
34.375000,120.899745,35.416667,120.899745
SOLID,1
35.416667,112.561832,36.458333,112.561832
35.416667,120.899745,36.458333,120.899745
SOLID,6
36.458333,119.857506,37.500000,119.857506
36.458333,120.899745,37.500000,120.899745
SOLID,1
37.500000,114.646310,40.625000,114.646310
37.500000,120.899745,40.625000,120.899745
SOLID,6
30.208333,117.773028,32.291667,117.773028
30.208333,119.857506,32.291667,119.857506
SOLID,1
32.291667,112.561832,35.416667,112.561832
32.291667,119.857506,35.416667,119.857506
SOLID,1
36.458333,113.604071,37.500000,113.604071
36.458333,119.857506,37.500000,119.857506
SOLID,1
51.041667,116.730789,52.083333,116.730789
51.041667,119.857506,52.083333,119.857506
SOLID,7
52.083333,107.350636,53.125000,107.350636
52.083333,119.857506,53.125000,119.857506
SOLID,1
53.125000,118.815267,55.208333,118.815267
53.125000,119.857506,55.208333,119.857506
SOLID,7
55.208333,106.308397,58.333333,106.308397
55.208333,119.857506,58.333333,119.857506
SOLID,1
58.333333,118.815267,59.375000,118.815267
58.333333,119.857506,59.375000,119.857506
SOLID,7
59.375000,106.308397,61.458333,106.308397
59.375000,119.857506,61.458333,119.857506
SOLID,7
66.666667,113.604071,68.750000,113.604071
66.666667,119.857506,68.750000,119.857506
SOLID,1
20.833333,115.688549,22.916667,115.688549
20.833333,118.815267,22.916667,118.815267
SOLID,1
23.958333,117.773028,25.000000,117.773028
23.958333,118.815267,25.000000,118.815267
SOLID,6
25.000000,116.730789,26.041667,116.730789
25.000000,118.815267,26.041667,118.815267
SOLID,7
53.125000,107.350636,55.208333,107.350636
53.125000,118.815267,55.208333,118.815267
SOLID,7
58.333333,105.266158,59.375000,105.266158
58.333333,118.815267,59.375000,118.815267
SOLID,6
8.333333,116.730789,16.666667,116.730789
8.333333,117.773028,16.666667,117.773028
SOLID,1
16.666667,116.730789,20.833333,116.730789
16.666667,117.773028,20.833333,117.773028
SOLID,6
23.958333,116.730789,25.000000,116.730789
23.958333,117.773028,25.000000,117.773028
SOLID,6
30.208333,116.730789,31.250000,116.730789
30.208333,117.773028,31.250000,117.773028
SOLID,1
31.250000,112.561832,32.291667,112.561832
31.250000,117.773028,32.291667,117.773028
SOLID,7
45.833333,114.646310,46.875000,114.646310
45.833333,117.773028,46.875000,117.773028
SOLID,1
93.750000,116.730789,94.791667,116.730789
93.750000,117.773028,94.791667,117.773028
SOLID,7
94.791667,106.308397,97.916667,106.308397
94.791667,117.773028,97.916667,117.773028
SOLID,1
97.916667,116.730789,100.000000,116.730789
97.916667,117.773028,100.000000,117.773028
SOLID,6
8.333333,115.688549,13.541667,115.688549
8.333333,116.730789,13.541667,116.730789
SOLID,1
13.541667,115.688549,16.666667,115.688549
13.541667,116.730789,16.666667,116.730789
SOLID,7
16.666667,114.646310,20.833333,114.646310
16.666667,116.730789,20.833333,116.730789
SOLID,1
22.916667,114.646310,31.250000,114.646310
22.916667,116.730789,31.250000,116.730789
SOLID,7
50.000000,108.392875,52.083333,108.392875
50.000000,116.730789,52.083333,116.730789
SOLID,7
83.333333,104.223918,85.416667,104.223918
83.333333,116.730789,85.416667,116.730789
SOLID,7
93.750000,100.054962,94.791667,100.054962
93.750000,116.730789,94.791667,116.730789
SOLID,7
97.916667,107.350636,98.958333,107.350636
97.916667,116.730789,98.958333,116.730789
SOLID,1
98.958333,115.688549,100.000000,115.688549
98.958333,116.730789,100.000000,116.730789
SOLID,6
8.333333,113.604071,10.416667,113.604071
8.333333,115.688549,10.416667,115.688549
SOLID,1
10.416667,114.646310,14.583333,114.646310
10.416667,115.688549,14.583333,115.688549
SOLID,7
14.583333,108.392875,16.666667,108.392875
14.583333,115.688549,16.666667,115.688549
SOLID,7
20.833333,112.561832,21.875000,112.561832
20.833333,115.688549,21.875000,115.688549
SOLID,1
21.875000,114.646310,22.916667,114.646310
21.875000,115.688549,22.916667,115.688549
SOLID,7
85.416667,112.561832,87.500000,112.561832
85.416667,115.688549,87.500000,115.688549
SOLID,1
87.500000,114.646310,89.583333,114.646310
87.500000,115.688549,89.583333,115.688549
SOLID,7
98.958333,109.435114,100.000000,109.435114
98.958333,115.688549,100.000000,115.688549
SOLID,1
0.000000,102.139440,1.041667,102.139440
0.000000,114.646310,1.041667,114.646310
SOLID,6
1.041667,112.561832,3.125000,112.561832
1.041667,114.646310,3.125000,114.646310
SOLID,1
10.416667,100.054962,12.500000,100.054962
10.416667,114.646310,12.500000,114.646310
SOLID,7
12.500000,110.477354,14.583333,110.477354
12.500000,114.646310,14.583333,114.646310
SOLID,7
16.666667,96.928244,17.708333,96.928244
16.666667,114.646310,17.708333,114.646310
SOLID,2
17.708333,111.519593,20.833333,111.519593
17.708333,114.646310,20.833333,114.646310
SOLID,7
21.875000,113.604071,25.000000,113.604071
21.875000,114.646310,25.000000,114.646310
SOLID,1
25.000000,113.604071,31.250000,113.604071
25.000000,114.646310,31.250000,114.646310
SOLID,1
37.500000,113.604071,38.541667,113.604071
37.500000,114.646310,38.541667,114.646310
SOLID,7
38.541667,105.266158,41.666667,105.266158
38.541667,114.646310,41.666667,114.646310
SOLID,1
41.666667,113.604071,44.791667,113.604071
41.666667,114.646310,44.791667,114.646310
SOLID,6
44.791667,113.604071,45.833333,113.604071
44.791667,114.646310,45.833333,114.646310
SOLID,1
45.833333,113.604071,46.875000,113.604071
45.833333,114.646310,46.875000,114.646310
SOLID,2
68.750000,93.801527,69.791667,93.801527
68.750000,114.646310,69.791667,114.646310
SOLID,7
69.791667,113.604071,70.833333,113.604071
69.791667,114.646310,70.833333,114.646310
SOLID,2
70.833333,93.801527,71.875000,93.801527
70.833333,114.646310,71.875000,114.646310
SOLID,7
87.500000,111.519593,93.750000,111.519593
87.500000,114.646310,93.750000,114.646310
SOLID,1
8.333333,100.054962,10.416667,100.054962
8.333333,113.604071,10.416667,113.604071
SOLID,2
21.875000,110.477354,22.916667,110.477354
21.875000,113.604071,22.916667,113.604071
SOLID,7
22.916667,112.561832,27.083333,112.561832
22.916667,113.604071,27.083333,113.604071
SOLID,1
27.083333,112.561832,29.166667,112.561832
27.083333,113.604071,29.166667,113.604071
SOLID,7
29.166667,109.435114,31.250000,109.435114
29.166667,113.604071,31.250000,113.604071
SOLID,7
36.458333,106.308397,38.541667,106.308397
36.458333,113.604071,38.541667,113.604071
SOLID,1
41.666667,112.561832,42.708333,112.561832
41.666667,113.604071,42.708333,113.604071
SOLID,7
42.708333,110.477354,44.791667,110.477354
42.708333,113.604071,44.791667,113.604071
SOLID,1
44.791667,112.561832,45.833333,112.561832
44.791667,113.604071,45.833333,113.604071
SOLID,7
45.833333,112.561832,50.000000,112.561832
45.833333,113.604071,50.000000,113.604071
SOLID,2
66.666667,95.886005,68.750000,95.886005
66.666667,113.604071,68.750000,113.604071
SOLID,2
69.791667,94.843766,70.833333,94.843766
69.791667,113.604071,70.833333,113.604071
SOLID,2
71.875000,94.843766,72.916667,94.843766
71.875000,113.604071,72.916667,113.604071
SOLID,1
1.041667,102.139440,2.083333,102.139440
1.041667,112.561832,2.083333,112.561832
SOLID,6
2.083333,111.519593,3.125000,111.519593
2.083333,112.561832,3.125000,112.561832
SOLID,2
20.833333,110.477354,21.875000,110.477354
20.833333,112.561832,21.875000,112.561832
SOLID,2
22.916667,111.519593,23.958333,111.519593
22.916667,112.561832,23.958333,112.561832
SOLID,7
23.958333,109.435114,29.166667,109.435114
23.958333,112.561832,29.166667,112.561832
SOLID,7
31.250000,110.477354,36.458333,110.477354
31.250000,112.561832,36.458333,112.561832
SOLID,7
41.666667,104.223918,42.708333,104.223918
41.666667,112.561832,42.708333,112.561832
SOLID,6
44.791667,111.519593,46.875000,111.519593
44.791667,112.561832,46.875000,112.561832
SOLID,7
46.875000,111.519593,50.000000,111.519593
46.875000,112.561832,50.000000,112.561832
SOLID,7
63.541667,108.392875,65.625000,108.392875
63.541667,112.561832,65.625000,112.561832
SOLID,2
65.625000,99.012722,66.666667,99.012722
65.625000,112.561832,66.666667,112.561832
SOLID,2
72.916667,92.759287,75.000000,92.759287
72.916667,112.561832,75.000000,112.561832
SOLID,7
75.000000,111.519593,82.291667,111.519593
75.000000,112.561832,82.291667,112.561832
SOLID,7
85.416667,111.519593,86.458333,111.519593
85.416667,112.561832,86.458333,112.561832
SOLID,2
86.458333,105.266158,87.500000,105.266158
86.458333,112.561832,87.500000,112.561832
SOLID,1
2.083333,101.097201,3.125000,101.097201
2.083333,111.519593,3.125000,111.519593
SOLID,7
17.708333,96.928244,19.791667,96.928244
17.708333,111.519593,19.791667,111.519593
SOLID,2
19.791667,110.477354,20.833333,110.477354
19.791667,111.519593,20.833333,111.519593
SOLID,7
22.916667,97.970483,23.958333,97.970483
22.916667,111.519593,23.958333,111.519593
SOLID,1
44.791667,109.435114,45.833333,109.435114
44.791667,111.519593,45.833333,111.519593
SOLID,6
45.833333,110.477354,46.875000,110.477354
45.833333,111.519593,46.875000,111.519593
SOLID,1
46.875000,109.435114,47.916667,109.435114
46.875000,111.519593,47.916667,111.519593
SOLID,7
47.916667,108.392875,50.000000,108.392875
47.916667,111.519593,50.000000,111.519593
SOLID,2
75.000000,90.674809,76.041667,90.674809
75.000000,111.519593,76.041667,111.519593
SOLID,7
76.041667,109.435114,82.291667,109.435114
76.041667,111.519593,82.291667,111.519593
SOLID,2
85.416667,108.392875,86.458333,108.392875
85.416667,111.519593,86.458333,111.519593
SOLID,2
87.500000,108.392875,91.666667,108.392875
87.500000,111.519593,91.666667,111.519593
SOLID,7
91.666667,110.477354,93.750000,110.477354
91.666667,111.519593,93.750000,111.519593
SOLID,1
3.125000,100.054962,4.166667,100.054962
3.125000,110.477354,4.166667,110.477354
SOLID,6
4.166667,108.392875,6.250000,108.392875
4.166667,110.477354,6.250000,110.477354
SOLID,1
6.250000,99.012722,8.333333,99.012722
6.250000,110.477354,8.333333,110.477354
SOLID,1
12.500000,100.054962,13.541667,100.054962
12.500000,110.477354,13.541667,110.477354
SOLID,7
13.541667,108.392875,14.583333,108.392875
13.541667,110.477354,14.583333,110.477354
SOLID,7
19.791667,97.970483,22.916667,97.970483
19.791667,110.477354,22.916667,110.477354
SOLID,2
31.250000,106.308397,34.375000,106.308397
31.250000,110.477354,34.375000,110.477354
SOLID,7
34.375000,108.392875,36.458333,108.392875
34.375000,110.477354,36.458333,110.477354
SOLID,7
42.708333,106.308397,43.750000,106.308397
42.708333,110.477354,43.750000,110.477354
SOLID,1
43.750000,107.350636,44.791667,107.350636
43.750000,110.477354,44.791667,110.477354
SOLID,1
45.833333,109.435114,46.875000,109.435114
45.833333,110.477354,46.875000,110.477354
SOLID,2
91.666667,109.435114,93.750000,109.435114
91.666667,110.477354,93.750000,110.477354
SOLID,7
23.958333,99.012722,26.041667,99.012722
23.958333,109.435114,26.041667,109.435114
SOLID,2
26.041667,108.392875,31.250000,108.392875
26.041667,109.435114,31.250000,109.435114
SOLID,6
44.791667,108.392875,47.916667,108.392875
44.791667,109.435114,47.916667,109.435114
SOLID,2
76.041667,90.674809,77.083333,90.674809
76.041667,109.435114,77.083333,109.435114
SOLID,7
77.083333,108.392875,82.291667,108.392875
77.083333,109.435114,82.291667,109.435114
SOLID,7
91.666667,107.350636,93.750000,107.350636
91.666667,109.435114,93.750000,109.435114
SOLID,2
98.958333,108.392875,100.000000,108.392875
98.958333,109.435114,100.000000,109.435114
SOLID,1
4.166667,100.054962,6.250000,100.054962
4.166667,108.392875,6.250000,108.392875
SOLID,1
13.541667,103.181679,15.625000,103.181679
13.541667,108.392875,15.625000,108.392875
SOLID,7
15.625000,107.350636,16.666667,107.350636
15.625000,108.392875,16.666667,108.392875
SOLID,7
26.041667,99.012722,27.083333,99.012722
26.041667,108.392875,27.083333,108.392875
SOLID,2
27.083333,107.350636,31.250000,107.350636
27.083333,108.392875,31.250000,108.392875
SOLID,2
34.375000,94.843766,35.416667,94.843766
34.375000,108.392875,35.416667,108.392875
SOLID,7
35.416667,107.350636,36.458333,107.350636
35.416667,108.392875,36.458333,108.392875
SOLID,1
44.791667,107.350636,45.833333,107.350636
44.791667,108.392875,45.833333,108.392875
SOLID,7
45.833333,107.350636,48.958333,107.350636
45.833333,108.392875,48.958333,108.392875
SOLID,2
48.958333,104.223918,52.083333,104.223918
48.958333,108.392875,52.083333,108.392875
SOLID,2
61.458333,102.139440,65.625000,102.139440
61.458333,108.392875,65.625000,108.392875
SOLID,2
77.083333,83.379135,78.125000,83.379135
77.083333,108.392875,78.125000,108.392875
SOLID,7
78.125000,107.350636,80.208333,107.350636
78.125000,108.392875,80.208333,108.392875
SOLID,2
80.208333,81.294656,82.291667,81.294656
80.208333,108.392875,82.291667,108.392875
SOLID,7
85.416667,97.970483,86.458333,97.970483
85.416667,108.392875,86.458333,108.392875
SOLID,7
87.500000,107.350636,91.666667,107.350636
87.500000,108.392875,91.666667,108.392875
SOLID,7
98.958333,106.308397,100.000000,106.308397
98.958333,108.392875,100.000000,108.392875
SOLID,1
15.625000,103.181679,16.666667,103.181679
15.625000,107.350636,16.666667,107.350636
SOLID,7
27.083333,99.012722,28.125000,99.012722
27.083333,107.350636,28.125000,107.350636
SOLID,2
28.125000,106.308397,31.250000,106.308397
28.125000,107.350636,31.250000,107.350636
SOLID,2
35.416667,93.801527,36.458333,93.801527
35.416667,107.350636,36.458333,107.350636
SOLID,6
43.750000,105.266158,45.833333,105.266158
43.750000,107.350636,45.833333,107.350636
SOLID,1
45.833333,106.308397,47.916667,106.308397
45.833333,107.350636,47.916667,107.350636
SOLID,7
47.916667,106.308397,48.958333,106.308397
47.916667,107.350636,48.958333,107.350636
SOLID,2
52.083333,93.801527,54.166667,93.801527
52.083333,107.350636,54.166667,107.350636
SOLID,7
54.166667,106.308397,55.208333,106.308397
54.166667,107.350636,55.208333,107.350636
SOLID,2
78.125000,83.379135,80.208333,83.379135
78.125000,107.350636,80.208333,107.350636
SOLID,2
82.291667,81.294656,83.333333,81.294656
82.291667,107.350636,83.333333,107.350636
SOLID,2
87.500000,105.266158,92.708333,105.266158
87.500000,107.350636,92.708333,107.350636
SOLID,7
92.708333,106.308397,93.750000,106.308397
92.708333,107.350636,93.750000,107.350636
SOLID,2
97.916667,101.097201,98.958333,101.097201
97.916667,107.350636,98.958333,107.350636
SOLID,7
28.125000,102.139440,29.166667,102.139440
28.125000,106.308397,29.166667,106.308397
SOLID,2
29.166667,105.266158,33.333333,105.266158
29.166667,106.308397,33.333333,106.308397
SOLID,7
33.333333,105.266158,34.375000,105.266158
33.333333,106.308397,34.375000,106.308397
SOLID,2
36.458333,92.759287,38.541667,92.759287
36.458333,106.308397,38.541667,106.308397
SOLID,1
42.708333,105.266158,43.750000,105.266158
42.708333,106.308397,43.750000,106.308397
SOLID,6
45.833333,105.266158,46.875000,105.266158
45.833333,106.308397,46.875000,106.308397
SOLID,7
46.875000,105.266158,47.916667,105.266158
46.875000,106.308397,47.916667,106.308397
SOLID,1
47.916667,105.266158,48.958333,105.266158
47.916667,106.308397,48.958333,106.308397
SOLID,2
54.166667,96.928244,57.291667,96.928244
54.166667,106.308397,57.291667,106.308397
SOLID,7
57.291667,105.266158,58.333333,105.266158
57.291667,106.308397,58.333333,106.308397
SOLID,7
59.375000,105.266158,60.416667,105.266158
59.375000,106.308397,60.416667,106.308397
SOLID,2
60.416667,99.012722,61.458333,99.012722
60.416667,106.308397,61.458333,106.308397
SOLID,2
92.708333,105.266158,93.750000,105.266158
92.708333,106.308397,93.750000,106.308397
SOLID,7
94.791667,105.266158,96.875000,105.266158
94.791667,106.308397,96.875000,106.308397
SOLID,2
96.875000,103.181679,97.916667,103.181679
96.875000,106.308397,97.916667,106.308397
SOLID,2
98.958333,101.097201,100.000000,101.097201
98.958333,106.308397,100.000000,106.308397
SOLID,7
29.166667,102.139440,30.208333,102.139440
29.166667,105.266158,30.208333,105.266158
SOLID,2
30.208333,96.928244,34.375000,96.928244
30.208333,105.266158,34.375000,105.266158
SOLID,2
38.541667,104.223918,39.583333,104.223918
38.541667,105.266158,39.583333,105.266158
SOLID,7
39.583333,102.139440,41.666667,102.139440
39.583333,105.266158,41.666667,105.266158
SOLID,6
42.708333,103.181679,44.791667,103.181679
42.708333,105.266158,44.791667,105.266158
SOLID,1
44.791667,104.223918,45.833333,104.223918
44.791667,105.266158,45.833333,105.266158
SOLID,7
45.833333,104.223918,46.875000,104.223918
45.833333,105.266158,46.875000,105.266158
SOLID,1
46.875000,104.223918,47.916667,104.223918
46.875000,105.266158,47.916667,105.266158
SOLID,7
47.916667,104.223918,48.958333,104.223918
47.916667,105.266158,48.958333,105.266158
SOLID,2
57.291667,97.970483,60.416667,97.970483
57.291667,105.266158,60.416667,105.266158
SOLID,7
86.458333,96.928244,87.500000,96.928244
86.458333,105.266158,87.500000,105.266158
SOLID,2
87.500000,104.223918,89.583333,104.223918
87.500000,105.266158,89.583333,105.266158
SOLID,7
89.583333,102.139440,93.750000,102.139440
89.583333,105.266158,93.750000,105.266158
SOLID,7
94.791667,101.097201,95.833333,101.097201
94.791667,105.266158,95.833333,105.266158
SOLID,2
95.833333,104.223918,96.875000,104.223918
95.833333,105.266158,96.875000,105.266158
SOLID,7
38.541667,103.181679,39.583333,103.181679
38.541667,104.223918,39.583333,104.223918
SOLID,1
41.666667,103.181679,42.708333,103.181679
41.666667,104.223918,42.708333,104.223918
SOLID,6
44.791667,102.139440,45.833333,102.139440
44.791667,104.223918,45.833333,104.223918
SOLID,1
45.833333,101.097201,46.875000,101.097201
45.833333,104.223918,46.875000,104.223918
SOLID,6
46.875000,103.181679,48.958333,103.181679
46.875000,104.223918,48.958333,104.223918
SOLID,7
48.958333,102.139440,50.000000,102.139440
48.958333,104.223918,50.000000,104.223918
SOLID,2
50.000000,101.097201,52.083333,101.097201
50.000000,104.223918,52.083333,104.223918
SOLID,2
83.333333,103.181679,84.375000,103.181679
83.333333,104.223918,84.375000,104.223918
SOLID,7
84.375000,97.970483,85.416667,97.970483
84.375000,104.223918,85.416667,104.223918
SOLID,7
87.500000,103.181679,89.583333,103.181679
87.500000,104.223918,89.583333,104.223918
SOLID,7
95.833333,103.181679,96.875000,103.181679
95.833333,104.223918,96.875000,104.223918
SOLID,1
13.541667,101.097201,14.583333,101.097201
13.541667,103.181679,14.583333,103.181679
SOLID,7
14.583333,102.139440,16.666667,102.139440
14.583333,103.181679,16.666667,103.181679
SOLID,2
38.541667,92.759287,39.583333,92.759287
38.541667,103.181679,39.583333,103.181679
SOLID,6
41.666667,101.097201,43.750000,101.097201
41.666667,103.181679,43.750000,103.181679
SOLID,1
43.750000,102.139440,44.791667,102.139440
43.750000,103.181679,44.791667,103.181679
SOLID,1
46.875000,102.139440,47.916667,102.139440
46.875000,103.181679,47.916667,103.181679
SOLID,7
47.916667,102.139440,48.958333,102.139440
47.916667,103.181679,48.958333,103.181679
SOLID,7
83.333333,99.012722,84.375000,99.012722
83.333333,103.181679,84.375000,103.181679
SOLID,2
87.500000,102.139440,88.541667,102.139440
87.500000,103.181679,88.541667,103.181679
SOLID,7
88.541667,102.139440,89.583333,102.139440
88.541667,103.181679,89.583333,103.181679
SOLID,2
95.833333,100.054962,96.875000,100.054962
95.833333,103.181679,96.875000,103.181679
SOLID,7
96.875000,102.139440,97.916667,102.139440
96.875000,103.181679,97.916667,103.181679
SOLID,7
0.000000,91.717048,2.083333,91.717048
0.000000,102.139440,2.083333,102.139440
SOLID,1
14.583333,101.097201,15.625000,101.097201
14.583333,102.139440,15.625000,102.139440
SOLID,7
15.625000,95.886005,16.666667,95.886005
15.625000,102.139440,16.666667,102.139440
SOLID,2
28.125000,97.970483,30.208333,97.970483
28.125000,102.139440,30.208333,102.139440
SOLID,2
39.583333,92.759287,40.625000,92.759287
39.583333,102.139440,40.625000,102.139440
SOLID,7
40.625000,61.492112,41.666667,61.492112
40.625000,102.139440,41.666667,102.139440
SOLID,6
43.750000,101.097201,44.791667,101.097201
43.750000,102.139440,44.791667,102.139440
SOLID,1
44.791667,100.054962,45.833333,100.054962
44.791667,102.139440,45.833333,102.139440
SOLID,6
46.875000,101.097201,48.958333,101.097201
46.875000,102.139440,48.958333,102.139440
SOLID,1
48.958333,99.012722,50.000000,99.012722
48.958333,102.139440,50.000000,102.139440
SOLID,2
61.458333,101.097201,64.583333,101.097201
61.458333,102.139440,64.583333,102.139440
SOLID,8
64.583333,101.097201,65.625000,101.097201
64.583333,102.139440,65.625000,102.139440
SOLID,7
87.500000,97.970483,88.541667,97.970483
87.500000,102.139440,88.541667,102.139440
SOLID,2
88.541667,101.097201,91.666667,101.097201
88.541667,102.139440,91.666667,102.139440
SOLID,7
91.666667,100.054962,93.750000,100.054962
91.666667,102.139440,93.750000,102.139440
SOLID,2
96.875000,100.054962,97.916667,100.054962
96.875000,102.139440,97.916667,102.139440
SOLID,7
2.083333,90.674809,3.125000,90.674809
2.083333,101.097201,3.125000,101.097201
SOLID,7
13.541667,95.886005,15.625000,95.886005
13.541667,101.097201,15.625000,101.097201
SOLID,6
41.666667,99.012722,42.708333,99.012722
41.666667,101.097201,42.708333,101.097201
SOLID,7
42.708333,100.054962,43.750000,100.054962
42.708333,101.097201,43.750000,101.097201
SOLID,1
43.750000,100.054962,44.791667,100.054962
43.750000,101.097201,44.791667,101.097201
SOLID,6
45.833333,97.970483,46.875000,97.970483
45.833333,101.097201,46.875000,101.097201
SOLID,1
46.875000,100.054962,47.916667,100.054962
46.875000,101.097201,47.916667,101.097201
SOLID,7
47.916667,100.054962,48.958333,100.054962
47.916667,101.097201,48.958333,101.097201
SOLID,7
50.000000,95.886005,51.041667,95.886005
50.000000,101.097201,51.041667,101.097201
SOLID,2
51.041667,92.759287,52.083333,92.759287
51.041667,101.097201,52.083333,101.097201
SOLID,2
61.458333,99.012722,63.541667,99.012722
61.458333,101.097201,63.541667,101.097201
SOLID,8
63.541667,100.054962,64.583333,100.054962
63.541667,101.097201,64.583333,101.097201
SOLID,2
64.583333,99.012722,65.625000,99.012722
64.583333,101.097201,65.625000,101.097201
SOLID,7
88.541667,97.970483,89.583333,97.970483
88.541667,101.097201,89.583333,101.097201
SOLID,2
89.583333,93.801527,91.666667,93.801527
89.583333,101.097201,91.666667,101.097201
SOLID,2
94.791667,100.054962,95.833333,100.054962
94.791667,101.097201,95.833333,101.097201
SOLID,1
97.916667,100.054962,98.958333,100.054962
97.916667,101.097201,98.958333,101.097201
SOLID,7
98.958333,96.928244,100.000000,96.928244
98.958333,101.097201,100.000000,101.097201
SOLID,7
3.125000,92.759287,5.208333,92.759287
3.125000,100.054962,5.208333,100.054962
SOLID,1
5.208333,99.012722,6.250000,99.012722
5.208333,100.054962,6.250000,100.054962
SOLID,7
8.333333,87.548091,9.375000,87.548091
8.333333,100.054962,9.375000,100.054962
SOLID,1
9.375000,99.012722,10.416667,99.012722
9.375000,100.054962,10.416667,100.054962
SOLID,7
10.416667,88.590331,13.541667,88.590331
10.416667,100.054962,13.541667,100.054962
SOLID,6
42.708333,99.012722,45.833333,99.012722
42.708333,100.054962,45.833333,100.054962
SOLID,6
46.875000,97.970483,47.916667,97.970483
46.875000,100.054962,47.916667,100.054962
SOLID,1
47.916667,99.012722,48.958333,99.012722
47.916667,100.054962,48.958333,100.054962
SOLID,2
63.541667,94.843766,64.583333,94.843766
63.541667,100.054962,64.583333,100.054962
SOLID,2
91.666667,94.843766,94.791667,94.843766
91.666667,100.054962,94.791667,100.054962
SOLID,6
94.791667,90.674809,95.833333,90.674809
94.791667,100.054962,95.833333,100.054962
SOLID,7
95.833333,95.886005,96.875000,95.886005
95.833333,100.054962,96.875000,100.054962
SOLID,1
96.875000,99.012722,97.916667,99.012722
96.875000,100.054962,97.916667,100.054962
SOLID,6
97.916667,94.843766,98.958333,94.843766
97.916667,100.054962,98.958333,100.054962
SOLID,7
5.208333,89.632570,8.333333,89.632570
5.208333,99.012722,8.333333,99.012722
SOLID,7
9.375000,88.590331,10.416667,88.590331
9.375000,99.012722,10.416667,99.012722
SOLID,7
23.958333,97.970483,25.000000,97.970483
23.958333,99.012722,25.000000,99.012722
SOLID,2
25.000000,97.970483,28.125000,97.970483
25.000000,99.012722,28.125000,99.012722
SOLID,7
41.666667,86.505852,42.708333,86.505852
41.666667,99.012722,42.708333,99.012722
SOLID,1
42.708333,97.970483,44.791667,97.970483
42.708333,99.012722,44.791667,99.012722
SOLID,6
44.791667,97.970483,45.833333,97.970483
44.791667,99.012722,45.833333,99.012722
SOLID,7
47.916667,97.970483,50.000000,97.970483
47.916667,99.012722,50.000000,99.012722
SOLID,8
60.416667,76.083460,61.458333,76.083460
60.416667,99.012722,61.458333,99.012722
SOLID,2
61.458333,96.928244,62.500000,96.928244
61.458333,99.012722,62.500000,99.012722
SOLID,8
62.500000,97.970483,63.541667,97.970483
62.500000,99.012722,63.541667,99.012722
SOLID,8
64.583333,97.970483,66.666667,97.970483
64.583333,99.012722,66.666667,99.012722
SOLID,2
83.333333,94.843766,84.375000,94.843766
83.333333,99.012722,84.375000,99.012722
SOLID,7
96.875000,92.759287,97.916667,92.759287
96.875000,99.012722,97.916667,99.012722
SOLID,7
19.791667,96.928244,21.875000,96.928244
19.791667,97.970483,21.875000,97.970483
SOLID,2
21.875000,96.928244,26.041667,96.928244
21.875000,97.970483,26.041667,97.970483
SOLID,8
26.041667,89.632570,30.208333,89.632570
26.041667,97.970483,30.208333,97.970483
SOLID,7
42.708333,90.674809,43.750000,90.674809
42.708333,97.970483,43.750000,97.970483
SOLID,2
43.750000,95.886005,45.833333,95.886005
43.750000,97.970483,45.833333,97.970483
SOLID,7
45.833333,96.928244,47.916667,96.928244
45.833333,97.970483,47.916667,97.970483
SOLID,2
47.916667,96.928244,50.000000,96.928244
47.916667,97.970483,50.000000,97.970483
SOLID,8
57.291667,95.886005,60.416667,95.886005
57.291667,97.970483,60.416667,97.970483
SOLID,2
62.500000,96.928244,63.541667,96.928244
62.500000,97.970483,63.541667,97.970483
SOLID,2
64.583333,94.843766,66.666667,94.843766
64.583333,97.970483,66.666667,97.970483
SOLID,2
84.375000,94.843766,86.458333,94.843766
84.375000,97.970483,86.458333,97.970483
SOLID,2
87.500000,93.801527,89.583333,93.801527
87.500000,97.970483,89.583333,97.970483
SOLID,2
16.666667,90.674809,18.750000,90.674809
16.666667,96.928244,18.750000,96.928244
SOLID,7
18.750000,95.886005,19.791667,95.886005
18.750000,96.928244,19.791667,96.928244
SOLID,2
19.791667,95.886005,25.000000,95.886005
19.791667,96.928244,25.000000,96.928244
SOLID,8
25.000000,89.632570,26.041667,89.632570
25.000000,96.928244,26.041667,96.928244
SOLID,8
30.208333,87.548091,32.291667,87.548091
30.208333,96.928244,32.291667,96.928244
SOLID,2
32.291667,95.886005,34.375000,95.886005
32.291667,96.928244,34.375000,96.928244
SOLID,2
45.833333,90.674809,48.958333,90.674809
45.833333,96.928244,48.958333,96.928244
SOLID,7
48.958333,95.886005,50.000000,95.886005
48.958333,96.928244,50.000000,96.928244
SOLID,2
54.166667,93.801527,56.250000,93.801527
54.166667,96.928244,56.250000,96.928244
SOLID,8
56.250000,95.886005,57.291667,95.886005
56.250000,96.928244,57.291667,96.928244
SOLID,8
61.458333,76.083460,63.541667,76.083460
61.458333,96.928244,63.541667,96.928244
SOLID,2
86.458333,94.843766,87.500000,94.843766
86.458333,96.928244,87.500000,96.928244
SOLID,1
98.958333,90.674809,100.000000,90.674809
98.958333,96.928244,100.000000,96.928244
SOLID,7
13.541667,87.548091,14.583333,87.548091
13.541667,95.886005,14.583333,95.886005
SOLID,2
14.583333,94.843766,16.666667,94.843766
14.583333,95.886005,16.666667,95.886005
SOLID,2
18.750000,93.801527,23.958333,93.801527
18.750000,95.886005,23.958333,95.886005
SOLID,8
23.958333,94.843766,25.000000,94.843766
23.958333,95.886005,25.000000,95.886005
SOLID,8
32.291667,84.421374,33.333333,84.421374
32.291667,95.886005,33.333333,95.886005
SOLID,2
33.333333,94.843766,34.375000,94.843766
33.333333,95.886005,34.375000,95.886005
SOLID,8
43.750000,90.674809,44.791667,90.674809
43.750000,95.886005,44.791667,95.886005
SOLID,2
44.791667,93.801527,45.833333,93.801527
44.791667,95.886005,45.833333,95.886005
SOLID,2
48.958333,85.463613,51.041667,85.463613
48.958333,95.886005,51.041667,95.886005
SOLID,2
56.250000,94.843766,58.333333,94.843766
56.250000,95.886005,58.333333,95.886005
SOLID,8
58.333333,94.843766,60.416667,94.843766
58.333333,95.886005,60.416667,95.886005
SOLID,8
66.666667,94.843766,67.708333,94.843766
66.666667,95.886005,67.708333,95.886005
SOLID,2
67.708333,93.801527,68.750000,93.801527
67.708333,95.886005,68.750000,95.886005
SOLID,1
95.833333,94.843766,96.875000,94.843766
95.833333,95.886005,96.875000,95.886005
SOLID,7
14.583333,93.801527,15.625000,93.801527
14.583333,94.843766,15.625000,94.843766
SOLID,2
15.625000,91.717048,16.666667,91.717048
15.625000,94.843766,16.666667,94.843766
SOLID,2
23.958333,93.801527,25.000000,93.801527
23.958333,94.843766,25.000000,94.843766
SOLID,8
33.333333,83.379135,35.416667,83.379135
33.333333,94.843766,35.416667,94.843766
SOLID,2
56.250000,93.801527,57.291667,93.801527
56.250000,94.843766,57.291667,94.843766
SOLID,8
57.291667,77.125700,58.333333,77.125700
57.291667,94.843766,58.333333,94.843766
SOLID,2
58.333333,93.801527,59.375000,93.801527
58.333333,94.843766,59.375000,94.843766
SOLID,8
59.375000,77.125700,60.416667,77.125700
59.375000,94.843766,60.416667,94.843766
SOLID,8
63.541667,42.731807,65.625000,42.731807
63.541667,94.843766,65.625000,94.843766
SOLID,2
65.625000,93.801527,67.708333,93.801527
65.625000,94.843766,67.708333,94.843766
SOLID,8
69.791667,42.731807,70.833333,42.731807
69.791667,94.843766,70.833333,94.843766
SOLID,8
71.875000,42.731807,72.916667,42.731807
71.875000,94.843766,72.916667,94.843766
SOLID,8
83.333333,93.801527,87.500000,93.801527
83.333333,94.843766,87.500000,94.843766
SOLID,2
91.666667,92.759287,92.708333,92.759287
91.666667,94.843766,92.708333,94.843766
SOLID,7
92.708333,93.801527,94.791667,93.801527
92.708333,94.843766,94.791667,94.843766
SOLID,6
95.833333,75.041221,96.875000,75.041221
95.833333,94.843766,96.875000,94.843766
SOLID,1
97.916667,93.801527,98.958333,93.801527
97.916667,94.843766,98.958333,94.843766
SOLID,2
14.583333,92.759287,15.625000,92.759287
14.583333,93.801527,15.625000,93.801527
SOLID,2
18.750000,92.759287,22.916667,92.759287
18.750000,93.801527,22.916667,93.801527
SOLID,8
22.916667,90.674809,25.000000,90.674809
22.916667,93.801527,25.000000,93.801527
SOLID,8
35.416667,81.294656,36.458333,81.294656
35.416667,93.801527,36.458333,93.801527
SOLID,8
44.791667,92.759287,45.833333,92.759287
44.791667,93.801527,45.833333,93.801527
SOLID,8
52.083333,91.717048,54.166667,91.717048
52.083333,93.801527,54.166667,93.801527
SOLID,2
54.166667,92.759287,55.208333,92.759287
54.166667,93.801527,55.208333,93.801527
SOLID,8
55.208333,78.167939,57.291667,78.167939
55.208333,93.801527,57.291667,93.801527
SOLID,8
58.333333,77.125700,59.375000,77.125700
58.333333,93.801527,59.375000,93.801527
SOLID,8
65.625000,43.774046,69.791667,43.774046
65.625000,93.801527,69.791667,93.801527
SOLID,8
70.833333,42.731807,71.875000,42.731807
70.833333,93.801527,71.875000,93.801527
SOLID,2
83.333333,81.294656,85.416667,81.294656
83.333333,93.801527,85.416667,93.801527
SOLID,8
85.416667,91.717048,90.625000,91.717048
85.416667,93.801527,90.625000,93.801527
SOLID,2
90.625000,92.759287,91.666667,92.759287
90.625000,93.801527,91.666667,93.801527
SOLID,1
92.708333,87.548091,93.750000,87.548091
92.708333,93.801527,93.750000,93.801527
SOLID,7
93.750000,73.998982,94.791667,73.998982
93.750000,93.801527,94.791667,93.801527
SOLID,6
97.916667,91.717048,98.958333,91.717048
97.916667,93.801527,98.958333,93.801527
SOLID,7
3.125000,89.632570,4.166667,89.632570
3.125000,92.759287,4.166667,92.759287
SOLID,1
4.166667,91.717048,5.208333,91.717048
4.166667,92.759287,5.208333,92.759287
SOLID,7
14.583333,86.505852,15.625000,86.505852
14.583333,92.759287,15.625000,92.759287
SOLID,2
18.750000,91.717048,21.875000,91.717048
18.750000,92.759287,21.875000,92.759287
SOLID,8
21.875000,91.717048,22.916667,91.717048
21.875000,92.759287,22.916667,92.759287
SOLID,8
36.458333,89.632570,40.625000,89.632570
36.458333,92.759287,40.625000,92.759287
SOLID,2
44.791667,89.632570,45.833333,89.632570
44.791667,92.759287,45.833333,92.759287
SOLID,8
51.041667,91.717048,52.083333,91.717048
51.041667,92.759287,52.083333,92.759287
SOLID,8
54.166667,77.125700,55.208333,77.125700
54.166667,92.759287,55.208333,92.759287
SOLID,8
72.916667,41.689567,75.000000,41.689567
72.916667,92.759287,75.000000,92.759287
SOLID,8
90.625000,83.379135,92.708333,83.379135
90.625000,92.759287,92.708333,92.759287
SOLID,2
96.875000,89.632570,97.916667,89.632570
96.875000,92.759287,97.916667,92.759287
SOLID,7
0.000000,90.674809,1.041667,90.674809
0.000000,91.717048,1.041667,91.717048
SOLID,2
1.041667,87.548091,2.083333,87.548091
1.041667,91.717048,2.083333,91.717048
SOLID,7
4.166667,90.674809,5.208333,90.674809
4.166667,91.717048,5.208333,91.717048
SOLID,7
15.625000,86.505852,16.666667,86.505852
15.625000,91.717048,16.666667,91.717048
SOLID,2
18.750000,71.914504,20.833333,71.914504
18.750000,91.717048,20.833333,91.717048
SOLID,8
20.833333,90.674809,21.875000,90.674809
20.833333,91.717048,21.875000,91.717048
SOLID,2
21.875000,71.914504,22.916667,71.914504
21.875000,91.717048,22.916667,91.717048
SOLID,2
51.041667,89.632570,53.125000,89.632570
51.041667,91.717048,53.125000,91.717048
SOLID,8
53.125000,78.167939,54.166667,78.167939
53.125000,91.717048,54.166667,91.717048
SOLID,2
85.416667,90.674809,86.458333,90.674809
85.416667,91.717048,86.458333,91.717048
SOLID,8
86.458333,87.548091,90.625000,87.548091
86.458333,91.717048,90.625000,91.717048
SOLID,1
97.916667,87.548091,98.958333,87.548091
97.916667,91.717048,98.958333,91.717048
SOLID,2
0.000000,87.548091,1.041667,87.548091
0.000000,90.674809,1.041667,90.674809
SOLID,2
2.083333,87.548091,3.125000,87.548091
2.083333,90.674809,3.125000,90.674809
SOLID,2
4.166667,87.548091,5.208333,87.548091
4.166667,90.674809,5.208333,90.674809
SOLID,7
16.666667,86.505852,17.708333,86.505852
16.666667,90.674809,17.708333,90.674809
SOLID,2
17.708333,70.872265,18.750000,70.872265
17.708333,90.674809,18.750000,90.674809
SOLID,2
20.833333,71.914504,21.875000,71.914504
20.833333,90.674809,21.875000,90.674809
SOLID,2
22.916667,71.914504,25.000000,71.914504
22.916667,90.674809,25.000000,90.674809
SOLID,1
42.708333,89.632570,43.750000,89.632570
42.708333,90.674809,43.750000,90.674809
SOLID,2
43.750000,89.632570,44.791667,89.632570
43.750000,90.674809,44.791667,90.674809
SOLID,7
45.833333,89.632570,46.875000,89.632570
45.833333,90.674809,46.875000,90.674809
SOLID,2
46.875000,89.632570,48.958333,89.632570
46.875000,90.674809,48.958333,90.674809
SOLID,8
75.000000,87.548091,77.083333,87.548091
75.000000,90.674809,77.083333,90.674809
SOLID,8
85.416667,88.590331,86.458333,88.590331
85.416667,90.674809,86.458333,90.674809
SOLID,1
94.791667,84.421374,95.833333,84.421374
94.791667,90.674809,95.833333,90.674809
SOLID,6
98.958333,87.548091,100.000000,87.548091
98.958333,90.674809,100.000000,90.674809
SOLID,2
3.125000,87.548091,4.166667,87.548091
3.125000,89.632570,4.166667,89.632570
SOLID,2
5.208333,87.548091,6.250000,87.548091
5.208333,89.632570,6.250000,89.632570
SOLID,7
6.250000,88.590331,8.333333,88.590331
6.250000,89.632570,8.333333,89.632570
SOLID,2
25.000000,73.998982,28.125000,73.998982
25.000000,89.632570,28.125000,89.632570
SOLID,8
28.125000,88.590331,30.208333,88.590331
28.125000,89.632570,30.208333,89.632570
SOLID,8
36.458333,88.590331,39.583333,88.590331
36.458333,89.632570,39.583333,89.632570
SOLID,2
39.583333,88.590331,40.625000,88.590331
39.583333,89.632570,40.625000,89.632570
SOLID,7
42.708333,88.590331,43.750000,88.590331
42.708333,89.632570,43.750000,89.632570
SOLID,8
43.750000,88.590331,45.833333,88.590331
43.750000,89.632570,45.833333,89.632570
SOLID,2
45.833333,88.590331,46.875000,88.590331
45.833333,89.632570,46.875000,89.632570
SOLID,8
46.875000,88.590331,47.916667,88.590331
46.875000,89.632570,47.916667,89.632570
SOLID,2
47.916667,66.703308,48.958333,66.703308
47.916667,89.632570,48.958333,89.632570
SOLID,2
51.041667,84.421374,52.083333,84.421374
51.041667,89.632570,52.083333,89.632570
SOLID,8
52.083333,84.421374,53.125000,84.421374
52.083333,89.632570,53.125000,89.632570
SOLID,7
96.875000,88.590331,97.916667,88.590331
96.875000,89.632570,97.916667,89.632570
SOLID,2
6.250000,86.505852,7.291667,86.505852
6.250000,88.590331,7.291667,88.590331
SOLID,7
7.291667,87.548091,8.333333,87.548091
7.291667,88.590331,8.333333,88.590331
SOLID,2
9.375000,85.463613,12.500000,85.463613
9.375000,88.590331,12.500000,88.590331
SOLID,7
12.500000,87.548091,13.541667,87.548091
12.500000,88.590331,13.541667,88.590331
SOLID,2
28.125000,73.998982,29.166667,73.998982
28.125000,88.590331,29.166667,88.590331
SOLID,8
29.166667,87.548091,30.208333,87.548091
29.166667,88.590331,30.208333,88.590331
SOLID,8
36.458333,81.294656,38.541667,81.294656
36.458333,88.590331,38.541667,88.590331
SOLID,2
38.541667,87.548091,39.583333,87.548091
38.541667,88.590331,39.583333,88.590331
SOLID,7
39.583333,87.548091,40.625000,87.548091
39.583333,88.590331,40.625000,88.590331
SOLID,1
42.708333,87.548091,43.750000,87.548091
42.708333,88.590331,43.750000,88.590331
SOLID,2
43.750000,86.505852,44.791667,86.505852
43.750000,88.590331,44.791667,88.590331
SOLID,7
44.791667,87.548091,47.916667,87.548091
44.791667,88.590331,47.916667,88.590331
SOLID,2
85.416667,73.998982,86.458333,73.998982
85.416667,88.590331,86.458333,88.590331
SOLID,2
96.875000,87.548091,97.916667,87.548091
96.875000,88.590331,97.916667,88.590331
SOLID,7
0.000000,86.505852,1.041667,86.505852
0.000000,87.548091,1.041667,87.548091
SOLID,1
1.041667,83.379135,2.083333,83.379135
1.041667,87.548091,2.083333,87.548091
SOLID,7
2.083333,86.505852,6.250000,86.505852
2.083333,87.548091,6.250000,87.548091
SOLID,2
7.291667,86.505852,9.375000,86.505852
7.291667,87.548091,9.375000,87.548091
SOLID,2
12.500000,63.576590,14.583333,63.576590
12.500000,87.548091,14.583333,87.548091
SOLID,2
29.166667,72.956743,31.250000,72.956743
29.166667,87.548091,31.250000,87.548091
SOLID,8
31.250000,85.463613,32.291667,85.463613
31.250000,87.548091,32.291667,87.548091
SOLID,8
38.541667,85.463613,39.583333,85.463613
38.541667,87.548091,39.583333,87.548091
SOLID,1
39.583333,86.505852,40.625000,86.505852
39.583333,87.548091,40.625000,87.548091
SOLID,7
42.708333,85.463613,43.750000,85.463613
42.708333,87.548091,43.750000,87.548091
SOLID,8
44.791667,86.505852,45.833333,86.505852
44.791667,87.548091,45.833333,87.548091
SOLID,2
45.833333,86.505852,46.875000,86.505852
45.833333,87.548091,46.875000,87.548091
SOLID,7
46.875000,86.505852,47.916667,86.505852
46.875000,87.548091,47.916667,87.548091
SOLID,8
75.000000,40.647328,76.041667,40.647328
75.000000,87.548091,76.041667,87.548091
SOLID,2
76.041667,85.463613,77.083333,85.463613
76.041667,87.548091,77.083333,87.548091
SOLID,2
86.458333,75.041221,87.500000,75.041221
86.458333,87.548091,87.500000,87.548091
SOLID,8
87.500000,86.505852,90.625000,86.505852
87.500000,87.548091,90.625000,87.548091
SOLID,6
92.708333,86.505852,93.750000,86.505852
92.708333,87.548091,93.750000,87.548091
SOLID,7
96.875000,86.505852,98.958333,86.505852
96.875000,87.548091,98.958333,87.548091
SOLID,1
98.958333,86.505852,100.000000,86.505852
98.958333,87.548091,100.000000,87.548091
SOLID,1
0.000000,84.421374,1.041667,84.421374
0.000000,86.505852,1.041667,86.505852
SOLID,1
2.083333,82.336896,7.291667,82.336896
2.083333,86.505852,7.291667,86.505852
SOLID,7
7.291667,85.463613,9.375000,85.463613
7.291667,86.505852,9.375000,86.505852
SOLID,2
14.583333,69.830025,17.708333,69.830025
14.583333,86.505852,17.708333,86.505852
SOLID,7
39.583333,61.492112,40.625000,61.492112
39.583333,86.505852,40.625000,86.505852
SOLID,2
41.666667,85.463613,42.708333,85.463613
41.666667,86.505852,42.708333,86.505852
SOLID,6
43.750000,85.463613,44.791667,85.463613
43.750000,86.505852,44.791667,86.505852
SOLID,7
44.791667,85.463613,46.875000,85.463613
44.791667,86.505852,46.875000,86.505852
SOLID,2
46.875000,83.379135,47.916667,83.379135
46.875000,86.505852,47.916667,86.505852
SOLID,2
87.500000,73.998982,89.583333,73.998982
87.500000,86.505852,89.583333,86.505852
SOLID,8
89.583333,85.463613,90.625000,85.463613
89.583333,86.505852,90.625000,86.505852
SOLID,1
92.708333,85.463613,93.750000,85.463613
92.708333,86.505852,93.750000,86.505852
SOLID,7
96.875000,73.998982,97.916667,73.998982
96.875000,86.505852,97.916667,86.505852
SOLID,1
97.916667,84.421374,98.958333,84.421374
97.916667,86.505852,98.958333,86.505852
SOLID,6
98.958333,85.463613,100.000000,85.463613
98.958333,86.505852,100.000000,86.505852
SOLID,6
7.291667,83.379135,9.375000,83.379135
7.291667,85.463613,9.375000,85.463613
SOLID,1
9.375000,84.421374,10.416667,84.421374
9.375000,85.463613,10.416667,85.463613
SOLID,7
10.416667,84.421374,11.458333,84.421374
10.416667,85.463613,11.458333,85.463613
SOLID,2
11.458333,82.336896,12.500000,82.336896
11.458333,85.463613,12.500000,85.463613
SOLID,2
31.250000,72.956743,32.291667,72.956743
31.250000,85.463613,32.291667,85.463613
SOLID,1
38.541667,66.703308,39.583333,66.703308
38.541667,85.463613,39.583333,85.463613
SOLID,7
41.666667,68.787786,42.708333,68.787786
41.666667,85.463613,42.708333,85.463613
SOLID,2
42.708333,82.336896,43.750000,82.336896
42.708333,85.463613,43.750000,85.463613
SOLID,1
43.750000,83.379135,44.791667,83.379135
43.750000,85.463613,44.791667,85.463613
SOLID,2
44.791667,84.421374,46.875000,84.421374
44.791667,85.463613,46.875000,85.463613
SOLID,8
48.958333,84.421374,51.041667,84.421374
48.958333,85.463613,51.041667,85.463613
SOLID,8
76.041667,40.647328,77.083333,40.647328
76.041667,85.463613,77.083333,85.463613
SOLID,2
89.583333,73.998982,90.625000,73.998982
89.583333,85.463613,90.625000,85.463613
SOLID,6
92.708333,75.041221,93.750000,75.041221
92.708333,85.463613,93.750000,85.463613
SOLID,1
98.958333,75.041221,100.000000,75.041221
98.958333,85.463613,100.000000,85.463613
SOLID,7
0.000000,59.407633,1.041667,59.407633
0.000000,84.421374,1.041667,84.421374
SOLID,6
9.375000,82.336896,10.416667,82.336896
9.375000,84.421374,10.416667,84.421374
SOLID,1
10.416667,77.125700,11.458333,77.125700
10.416667,84.421374,11.458333,84.421374
SOLID,2
32.291667,71.914504,33.333333,71.914504
32.291667,84.421374,33.333333,84.421374
SOLID,7
44.791667,69.830025,45.833333,69.830025
44.791667,84.421374,45.833333,84.421374
SOLID,2
45.833333,82.336896,46.875000,82.336896
45.833333,84.421374,46.875000,84.421374
SOLID,2
48.958333,69.830025,51.041667,69.830025
48.958333,84.421374,51.041667,84.421374
SOLID,1
51.041667,83.379135,52.083333,83.379135
51.041667,84.421374,52.083333,84.421374
SOLID,2
52.083333,72.956743,53.125000,72.956743
52.083333,84.421374,53.125000,84.421374
SOLID,7
94.791667,75.041221,95.833333,75.041221
94.791667,84.421374,95.833333,84.421374
SOLID,7
97.916667,78.167939,98.958333,78.167939
97.916667,84.421374,98.958333,84.421374
SOLID,7
1.041667,48.985242,2.083333,48.985242
1.041667,83.379135,2.083333,83.379135
SOLID,1
7.291667,81.294656,9.375000,81.294656
7.291667,83.379135,9.375000,83.379135
SOLID,2
33.333333,71.914504,34.375000,71.914504
33.333333,83.379135,34.375000,83.379135
SOLID,8
34.375000,82.336896,35.416667,82.336896
34.375000,83.379135,35.416667,83.379135
SOLID,7
43.750000,82.336896,44.791667,82.336896
43.750000,83.379135,44.791667,83.379135
SOLID,7
46.875000,80.252417,47.916667,80.252417
46.875000,83.379135,47.916667,83.379135
SOLID,7
51.041667,59.407633,52.083333,59.407633
51.041667,83.379135,52.083333,83.379135
SOLID,8
77.083333,65.661069,79.166667,65.661069
77.083333,83.379135,79.166667,83.379135
SOLID,2
79.166667,82.336896,80.208333,82.336896
79.166667,83.379135,80.208333,83.379135
SOLID,2
90.625000,72.956743,91.666667,72.956743
90.625000,83.379135,91.666667,83.379135
SOLID,8
91.666667,73.998982,92.708333,73.998982
91.666667,83.379135,92.708333,83.379135
SOLID,1
2.083333,81.294656,4.166667,81.294656
2.083333,82.336896,4.166667,82.336896
SOLID,6
4.166667,81.294656,5.208333,81.294656
4.166667,82.336896,5.208333,82.336896
SOLID,1
5.208333,81.294656,7.291667,81.294656
5.208333,82.336896,7.291667,82.336896
SOLID,1
9.375000,81.294656,10.416667,81.294656
9.375000,82.336896,10.416667,82.336896
SOLID,7
11.458333,81.294656,12.500000,81.294656
11.458333,82.336896,12.500000,82.336896
SOLID,2
34.375000,71.914504,35.416667,71.914504
34.375000,82.336896,35.416667,82.336896
SOLID,7
42.708333,56.280916,43.750000,56.280916
42.708333,82.336896,43.750000,82.336896
SOLID,1
43.750000,75.041221,44.791667,75.041221
43.750000,82.336896,44.791667,82.336896
SOLID,7
45.833333,78.167939,46.875000,78.167939
45.833333,82.336896,46.875000,82.336896
SOLID,8
79.166667,65.661069,80.208333,65.661069
79.166667,82.336896,80.208333,82.336896
SOLID,7
2.083333,80.252417,4.166667,80.252417
2.083333,81.294656,4.166667,81.294656
SOLID,1
4.166667,80.252417,5.208333,80.252417
4.166667,81.294656,5.208333,81.294656
SOLID,6
5.208333,80.252417,10.416667,80.252417
5.208333,81.294656,10.416667,81.294656
SOLID,1
11.458333,78.167939,12.500000,78.167939
11.458333,81.294656,12.500000,81.294656
SOLID,2
35.416667,70.872265,38.541667,70.872265
35.416667,81.294656,38.541667,81.294656
SOLID,8
80.208333,79.210178,85.416667,79.210178
80.208333,81.294656,85.416667,81.294656
SOLID,1
2.083333,78.167939,4.166667,78.167939
2.083333,80.252417,4.166667,80.252417
SOLID,7
4.166667,79.210178,5.208333,79.210178
4.166667,80.252417,5.208333,80.252417
SOLID,1
5.208333,79.210178,9.375000,79.210178
5.208333,80.252417,9.375000,80.252417
SOLID,6
9.375000,79.210178,10.416667,79.210178
9.375000,80.252417,10.416667,80.252417
SOLID,2
46.875000,72.956743,47.916667,72.956743
46.875000,80.252417,47.916667,80.252417
SOLID,1
4.166667,77.125700,7.291667,77.125700
4.166667,79.210178,7.291667,79.210178
SOLID,6
7.291667,78.167939,8.333333,78.167939
7.291667,79.210178,8.333333,79.210178
SOLID,1
8.333333,76.083460,10.416667,76.083460
8.333333,79.210178,10.416667,79.210178
SOLID,8
80.208333,77.125700,84.375000,77.125700
80.208333,79.210178,84.375000,79.210178
SOLID,2
84.375000,73.998982,85.416667,73.998982
84.375000,79.210178,85.416667,79.210178
SOLID,7
2.083333,77.125700,4.166667,77.125700
2.083333,78.167939,4.166667,78.167939
SOLID,1
7.291667,77.125700,8.333333,77.125700
7.291667,78.167939,8.333333,78.167939
SOLID,6
11.458333,77.125700,12.500000,77.125700
11.458333,78.167939,12.500000,78.167939
SOLID,2
45.833333,71.914504,46.875000,71.914504
45.833333,78.167939,46.875000,78.167939
SOLID,2
53.125000,72.956743,54.166667,72.956743
53.125000,78.167939,54.166667,78.167939
SOLID,8
55.208333,77.125700,56.250000,77.125700
55.208333,78.167939,56.250000,78.167939
SOLID,2
56.250000,71.914504,57.291667,71.914504
56.250000,78.167939,57.291667,78.167939
SOLID,2
97.916667,68.787786,98.958333,68.787786
97.916667,78.167939,98.958333,78.167939
SOLID,7
2.083333,76.083460,3.125000,76.083460
2.083333,77.125700,3.125000,77.125700
SOLID,1
3.125000,76.083460,4.166667,76.083460
3.125000,77.125700,4.166667,77.125700
SOLID,7
4.166667,76.083460,8.333333,76.083460
4.166667,77.125700,8.333333,77.125700
SOLID,7
10.416667,75.041221,12.500000,75.041221
10.416667,77.125700,12.500000,77.125700
SOLID,2
54.166667,72.956743,56.250000,72.956743
54.166667,77.125700,56.250000,77.125700
SOLID,2
57.291667,70.872265,60.416667,70.872265
57.291667,77.125700,60.416667,77.125700
SOLID,8
80.208333,76.083460,83.333333,76.083460
80.208333,77.125700,83.333333,77.125700
SOLID,2
83.333333,73.998982,84.375000,73.998982
83.333333,77.125700,84.375000,77.125700
SOLID,1
2.083333,75.041221,3.125000,75.041221
2.083333,76.083460,3.125000,76.083460
SOLID,7
3.125000,75.041221,5.208333,75.041221
3.125000,76.083460,5.208333,76.083460
SOLID,1
5.208333,73.998982,6.250000,73.998982
5.208333,76.083460,6.250000,76.083460
SOLID,7
6.250000,75.041221,7.291667,75.041221
6.250000,76.083460,7.291667,76.083460
SOLID,1
7.291667,73.998982,9.375000,73.998982
7.291667,76.083460,9.375000,76.083460
SOLID,7
9.375000,75.041221,10.416667,75.041221
9.375000,76.083460,10.416667,76.083460
SOLID,2
60.416667,70.872265,62.500000,70.872265
60.416667,76.083460,62.500000,76.083460
SOLID,8
62.500000,42.731807,63.541667,42.731807
62.500000,76.083460,63.541667,76.083460
SOLID,2
80.208333,75.041221,83.333333,75.041221
80.208333,76.083460,83.333333,76.083460
SOLID,7
2.083333,66.703308,3.125000,66.703308
2.083333,75.041221,3.125000,75.041221
SOLID,1
3.125000,73.998982,5.208333,73.998982
3.125000,75.041221,5.208333,75.041221
SOLID,1
6.250000,73.998982,7.291667,73.998982
6.250000,75.041221,7.291667,75.041221
SOLID,1
9.375000,73.998982,11.458333,73.998982
9.375000,75.041221,11.458333,75.041221
SOLID,7
11.458333,46.900763,12.500000,46.900763
11.458333,75.041221,12.500000,75.041221
SOLID,7
43.750000,70.872265,44.791667,70.872265
43.750000,75.041221,44.791667,75.041221
SOLID,2
80.208333,73.998982,81.250000,73.998982
80.208333,75.041221,81.250000,75.041221
SOLID,8
81.250000,69.830025,82.291667,69.830025
81.250000,75.041221,82.291667,75.041221
SOLID,2
82.291667,73.998982,83.333333,73.998982
82.291667,75.041221,83.333333,75.041221
SOLID,8
86.458333,70.872265,87.500000,70.872265
86.458333,75.041221,87.500000,75.041221
SOLID,1
92.708333,69.830025,93.750000,69.830025
92.708333,75.041221,93.750000,75.041221
SOLID,2
94.791667,73.998982,95.833333,73.998982
94.791667,75.041221,95.833333,75.041221
SOLID,1
95.833333,73.998982,96.875000,73.998982
95.833333,75.041221,96.875000,75.041221
SOLID,7
98.958333,72.956743,100.000000,72.956743
98.958333,75.041221,100.000000,75.041221
SOLID,7
3.125000,71.914504,7.291667,71.914504
3.125000,73.998982,7.291667,73.998982
SOLID,1
7.291667,71.914504,8.333333,71.914504
7.291667,73.998982,8.333333,73.998982
SOLID,7
8.333333,72.956743,9.375000,72.956743
8.333333,73.998982,9.375000,73.998982
SOLID,6
9.375000,72.956743,10.416667,72.956743
9.375000,73.998982,10.416667,73.998982
SOLID,1
10.416667,72.956743,11.458333,72.956743
10.416667,73.998982,11.458333,73.998982
SOLID,2
25.000000,72.956743,27.083333,72.956743
25.000000,73.998982,27.083333,73.998982
SOLID,8
27.083333,68.787786,29.166667,68.787786
27.083333,73.998982,29.166667,73.998982
SOLID,8
80.208333,65.661069,81.250000,65.661069
80.208333,73.998982,81.250000,73.998982
SOLID,8
82.291667,72.956743,86.458333,72.956743
82.291667,73.998982,86.458333,73.998982
SOLID,8
87.500000,70.872265,90.625000,70.872265
87.500000,73.998982,90.625000,73.998982
SOLID,2
91.666667,72.956743,92.708333,72.956743
91.666667,73.998982,92.708333,73.998982
SOLID,1
93.750000,72.956743,94.791667,72.956743
93.750000,73.998982,94.791667,73.998982
SOLID,7
94.791667,65.661069,96.875000,65.661069
94.791667,73.998982,96.875000,73.998982
SOLID,6
96.875000,59.407633,97.916667,59.407633
96.875000,73.998982,97.916667,73.998982
SOLID,1
8.333333,71.914504,10.416667,71.914504
8.333333,72.956743,10.416667,72.956743
SOLID,7
10.416667,69.830025,11.458333,69.830025
10.416667,72.956743,11.458333,72.956743
SOLID,2
25.000000,71.914504,26.041667,71.914504
25.000000,72.956743,26.041667,72.956743
SOLID,8
26.041667,56.280916,27.083333,56.280916
26.041667,72.956743,27.083333,72.956743
SOLID,8
29.166667,66.703308,32.291667,66.703308
29.166667,72.956743,32.291667,72.956743
SOLID,7
46.875000,71.914504,47.916667,71.914504
46.875000,72.956743,47.916667,72.956743
SOLID,8
52.083333,61.492112,56.250000,61.492112
52.083333,72.956743,56.250000,72.956743
SOLID,8
82.291667,70.872265,85.416667,70.872265
82.291667,72.956743,85.416667,72.956743
SOLID,2
85.416667,71.914504,86.458333,71.914504
85.416667,72.956743,86.458333,72.956743
SOLID,6
90.625000,63.576590,91.666667,63.576590
90.625000,72.956743,91.666667,72.956743
SOLID,7
91.666667,69.830025,92.708333,69.830025
91.666667,72.956743,92.708333,72.956743
SOLID,6
93.750000,69.830025,94.791667,69.830025
93.750000,72.956743,94.791667,72.956743
SOLID,1
98.958333,71.914504,100.000000,71.914504
98.958333,72.956743,100.000000,72.956743
SOLID,7
3.125000,69.830025,6.250000,69.830025
3.125000,71.914504,6.250000,71.914504
SOLID,1
6.250000,70.872265,7.291667,70.872265
6.250000,71.914504,7.291667,71.914504
SOLID,7
7.291667,70.872265,10.416667,70.872265
7.291667,71.914504,10.416667,71.914504
SOLID,2
18.750000,70.872265,19.791667,70.872265
18.750000,71.914504,19.791667,71.914504
SOLID,8
19.791667,68.787786,26.041667,68.787786
19.791667,71.914504,26.041667,71.914504
SOLID,8
32.291667,66.703308,35.416667,66.703308
32.291667,71.914504,35.416667,71.914504
SOLID,7
45.833333,70.872265,46.875000,70.872265
45.833333,71.914504,46.875000,71.914504
SOLID,2
46.875000,58.365394,47.916667,58.365394
46.875000,71.914504,47.916667,71.914504
SOLID,8
56.250000,54.196438,57.291667,54.196438
56.250000,71.914504,57.291667,71.914504
SOLID,8
85.416667,69.830025,86.458333,69.830025
85.416667,71.914504,86.458333,71.914504
SOLID,7
98.958333,61.492112,100.000000,61.492112
98.958333,71.914504,100.000000,71.914504
SOLID,7
6.250000,61.492112,7.291667,61.492112
6.250000,70.872265,7.291667,70.872265
SOLID,1
7.291667,69.830025,8.333333,69.830025
7.291667,70.872265,8.333333,70.872265
SOLID,7
8.333333,69.830025,10.416667,69.830025
8.333333,70.872265,10.416667,70.872265
SOLID,8
17.708333,68.787786,19.791667,68.787786
17.708333,70.872265,19.791667,70.872265
SOLID,8
35.416667,67.745547,37.500000,67.745547
35.416667,70.872265,37.500000,70.872265
SOLID,2
37.500000,54.196438,38.541667,54.196438
37.500000,70.872265,38.541667,70.872265
SOLID,1
43.750000,67.745547,44.791667,67.745547
43.750000,70.872265,44.791667,70.872265
SOLID,2
45.833333,54.196438,46.875000,54.196438
45.833333,70.872265,46.875000,70.872265
SOLID,8
57.291667,52.111959,58.333333,52.111959
57.291667,70.872265,58.333333,70.872265
SOLID,2
58.333333,69.830025,59.375000,69.830025
58.333333,70.872265,59.375000,70.872265
SOLID,8
59.375000,40.647328,62.500000,40.647328
59.375000,70.872265,62.500000,70.872265
SOLID,8
82.291667,69.830025,83.333333,69.830025
82.291667,70.872265,83.333333,70.872265
SOLID,2
83.333333,67.745547,85.416667,67.745547
83.333333,70.872265,85.416667,70.872265
SOLID,2
86.458333,68.787786,89.583333,68.787786
86.458333,70.872265,89.583333,70.872265
SOLID,8
89.583333,51.069720,90.625000,51.069720
89.583333,70.872265,90.625000,70.872265
SOLID,7
3.125000,61.492112,4.166667,61.492112
3.125000,69.830025,4.166667,69.830025
SOLID,1
4.166667,68.787786,5.208333,68.787786
4.166667,69.830025,5.208333,69.830025
SOLID,7
5.208333,53.154198,6.250000,53.154198
5.208333,69.830025,6.250000,69.830025
SOLID,7
7.291667,68.787786,9.375000,68.787786
7.291667,69.830025,9.375000,69.830025
SOLID,1
9.375000,68.787786,11.458333,68.787786
9.375000,69.830025,11.458333,69.830025
SOLID,8
14.583333,68.787786,15.625000,68.787786
14.583333,69.830025,15.625000,69.830025
SOLID,2
15.625000,66.703308,17.708333,66.703308
15.625000,69.830025,17.708333,69.830025
SOLID,1
44.791667,68.787786,45.833333,68.787786
44.791667,69.830025,45.833333,69.830025
SOLID,8
48.958333,68.787786,50.000000,68.787786
48.958333,69.830025,50.000000,69.830025
SOLID,2
50.000000,54.196438,51.041667,54.196438
50.000000,69.830025,51.041667,69.830025
SOLID,8
58.333333,41.689567,59.375000,41.689567
58.333333,69.830025,59.375000,69.830025
SOLID,2
81.250000,68.787786,83.333333,68.787786
81.250000,69.830025,83.333333,69.830025
SOLID,2
85.416667,68.787786,86.458333,68.787786
85.416667,69.830025,86.458333,69.830025
SOLID,2
91.666667,68.787786,92.708333,68.787786
91.666667,69.830025,92.708333,69.830025
SOLID,7
92.708333,58.365394,93.750000,58.365394
92.708333,69.830025,93.750000,69.830025
SOLID,1
93.750000,67.745547,94.791667,67.745547
93.750000,69.830025,94.791667,69.830025
SOLID,7
4.166667,61.492112,5.208333,61.492112
4.166667,68.787786,5.208333,68.787786
SOLID,7
7.291667,63.576590,8.333333,63.576590
7.291667,68.787786,8.333333,68.787786
SOLID,1
8.333333,67.745547,10.416667,67.745547
8.333333,68.787786,10.416667,68.787786
SOLID,7
10.416667,57.323155,11.458333,57.323155
10.416667,68.787786,11.458333,68.787786
SOLID,2
14.583333,64.618829,15.625000,64.618829
14.583333,68.787786,15.625000,68.787786
SOLID,2
17.708333,66.703308,20.833333,66.703308
17.708333,68.787786,20.833333,68.787786
SOLID,8
20.833333,67.745547,26.041667,67.745547
20.833333,68.787786,26.041667,68.787786
SOLID,2
27.083333,65.661069,28.125000,65.661069
27.083333,68.787786,28.125000,68.787786
SOLID,8
28.125000,67.745547,29.166667,67.745547
28.125000,68.787786,29.166667,68.787786
SOLID,2
41.666667,67.745547,42.708333,67.745547
41.666667,68.787786,42.708333,68.787786
SOLID,7
44.791667,61.492112,45.833333,61.492112
44.791667,68.787786,45.833333,68.787786
SOLID,2
48.958333,64.618829,50.000000,64.618829
48.958333,68.787786,50.000000,68.787786
SOLID,8
81.250000,42.731807,82.291667,42.731807
81.250000,68.787786,82.291667,68.787786
SOLID,2
82.291667,67.745547,83.333333,67.745547
82.291667,68.787786,83.333333,68.787786
SOLID,8
85.416667,47.943002,87.500000,47.943002
85.416667,68.787786,87.500000,68.787786
SOLID,2
87.500000,67.745547,89.583333,67.745547
87.500000,68.787786,89.583333,68.787786
SOLID,7
91.666667,56.280916,92.708333,56.280916
91.666667,68.787786,92.708333,68.787786
SOLID,7
97.916667,67.745547,98.958333,67.745547
97.916667,68.787786,98.958333,68.787786
SOLID,1
8.333333,66.703308,9.375000,66.703308
8.333333,67.745547,9.375000,67.745547
SOLID,7
9.375000,61.492112,10.416667,61.492112
9.375000,67.745547,10.416667,67.745547
SOLID,2
20.833333,66.703308,21.875000,66.703308
20.833333,67.745547,21.875000,67.745547
SOLID,8
21.875000,51.069720,26.041667,51.069720
21.875000,67.745547,26.041667,67.745547
SOLID,2
28.125000,65.661069,29.166667,65.661069
28.125000,67.745547,29.166667,67.745547
SOLID,8
35.416667,66.703308,36.458333,66.703308
35.416667,67.745547,36.458333,67.745547
SOLID,2
36.458333,64.618829,37.500000,64.618829
36.458333,67.745547,37.500000,67.745547
SOLID,7
41.666667,60.449873,42.708333,60.449873
41.666667,67.745547,42.708333,67.745547
SOLID,7
43.750000,56.280916,44.791667,56.280916
43.750000,67.745547,44.791667,67.745547
SOLID,8
82.291667,46.900763,85.416667,46.900763
82.291667,67.745547,85.416667,67.745547
SOLID,2
87.500000,66.703308,88.541667,66.703308
87.500000,67.745547,88.541667,67.745547
SOLID,8
88.541667,66.703308,89.583333,66.703308
88.541667,67.745547,89.583333,67.745547
SOLID,6
93.750000,64.618829,94.791667,64.618829
93.750000,67.745547,94.791667,67.745547
SOLID,2
97.916667,66.703308,98.958333,66.703308
97.916667,67.745547,98.958333,67.745547
SOLID,1
2.083333,65.661069,3.125000,65.661069
2.083333,66.703308,3.125000,66.703308
SOLID,7
8.333333,60.449873,9.375000,60.449873
8.333333,66.703308,9.375000,66.703308
SOLID,2
15.625000,65.661069,16.666667,65.661069
15.625000,66.703308,16.666667,66.703308
SOLID,8
16.666667,52.111959,21.875000,52.111959
16.666667,66.703308,21.875000,66.703308
SOLID,2
29.166667,65.661069,30.208333,65.661069
29.166667,66.703308,30.208333,66.703308
SOLID,8
30.208333,51.069720,32.291667,51.069720
30.208333,66.703308,32.291667,66.703308
SOLID,2
32.291667,65.661069,33.333333,65.661069
32.291667,66.703308,33.333333,66.703308
SOLID,8
33.333333,52.111959,35.416667,52.111959
33.333333,66.703308,35.416667,66.703308
SOLID,2
35.416667,65.661069,36.458333,65.661069
35.416667,66.703308,36.458333,66.703308
SOLID,7
38.541667,58.365394,39.583333,58.365394
38.541667,66.703308,39.583333,66.703308
SOLID,7
47.916667,65.661069,48.958333,65.661069
47.916667,66.703308,48.958333,66.703308
SOLID,8
87.500000,53.154198,88.541667,53.154198
87.500000,66.703308,88.541667,66.703308
SOLID,2
88.541667,65.661069,89.583333,65.661069
88.541667,66.703308,89.583333,66.703308
SOLID,7
97.916667,52.111959,98.958333,52.111959
97.916667,66.703308,98.958333,66.703308
SOLID,7
2.083333,61.492112,3.125000,61.492112
2.083333,65.661069,3.125000,65.661069
SOLID,8
15.625000,52.111959,16.666667,52.111959
15.625000,65.661069,16.666667,65.661069
SOLID,8
27.083333,56.280916,30.208333,56.280916
27.083333,65.661069,30.208333,65.661069
SOLID,8
32.291667,51.069720,33.333333,51.069720
32.291667,65.661069,33.333333,65.661069
SOLID,8
35.416667,53.154198,36.458333,53.154198
35.416667,65.661069,36.458333,65.661069
SOLID,2
47.916667,50.027481,48.958333,50.027481
47.916667,65.661069,48.958333,65.661069
SOLID,8
77.083333,41.689567,78.125000,41.689567
77.083333,65.661069,78.125000,65.661069
SOLID,2
78.125000,64.618829,81.250000,64.618829
78.125000,65.661069,81.250000,65.661069
SOLID,8
88.541667,55.238677,89.583333,55.238677
88.541667,65.661069,89.583333,65.661069
SOLID,1
94.791667,63.576590,95.833333,63.576590
94.791667,65.661069,95.833333,65.661069
SOLID,7
95.833333,63.576590,96.875000,63.576590
95.833333,65.661069,96.875000,65.661069
SOLID,8
14.583333,51.069720,15.625000,51.069720
14.583333,64.618829,15.625000,64.618829
SOLID,8
36.458333,55.238677,37.500000,55.238677
36.458333,64.618829,37.500000,64.618829
SOLID,8
48.958333,63.576590,50.000000,63.576590
48.958333,64.618829,50.000000,64.618829
SOLID,2
78.125000,63.576590,80.208333,63.576590
78.125000,64.618829,80.208333,64.618829
SOLID,8
80.208333,40.647328,81.250000,40.647328
80.208333,64.618829,81.250000,64.618829
SOLID,1
93.750000,63.576590,94.791667,63.576590
93.750000,64.618829,94.791667,64.618829
SOLID,1
7.291667,62.534351,8.333333,62.534351
7.291667,63.576590,8.333333,63.576590
SOLID,2
12.500000,55.238677,13.541667,55.238677
12.500000,63.576590,13.541667,63.576590
SOLID,8
13.541667,58.365394,14.583333,58.365394
13.541667,63.576590,14.583333,63.576590
SOLID,2
48.958333,52.111959,50.000000,52.111959
48.958333,63.576590,50.000000,63.576590
SOLID,2
78.125000,62.534351,79.166667,62.534351
78.125000,63.576590,79.166667,63.576590
SOLID,8
79.166667,40.647328,80.208333,40.647328
79.166667,63.576590,80.208333,63.576590
SOLID,1
90.625000,62.534351,91.666667,62.534351
90.625000,63.576590,91.666667,63.576590
SOLID,6
93.750000,58.365394,94.791667,58.365394
93.750000,63.576590,94.791667,63.576590
SOLID,7
94.791667,62.534351,95.833333,62.534351
94.791667,63.576590,95.833333,63.576590
SOLID,2
95.833333,38.562850,96.875000,38.562850
95.833333,63.576590,96.875000,63.576590
SOLID,7
7.291667,58.365394,8.333333,58.365394
7.291667,62.534351,8.333333,62.534351
SOLID,8
78.125000,41.689567,79.166667,41.689567
78.125000,62.534351,79.166667,62.534351
SOLID,6
90.625000,61.492112,91.666667,61.492112
90.625000,62.534351,91.666667,62.534351
SOLID,1
94.791667,61.492112,95.833333,61.492112
94.791667,62.534351,95.833333,62.534351
SOLID,1
2.083333,60.449873,5.208333,60.449873
2.083333,61.492112,5.208333,61.492112
SOLID,1
6.250000,60.449873,7.291667,60.449873
6.250000,61.492112,7.291667,61.492112
SOLID,1
9.375000,60.449873,10.416667,60.449873
9.375000,61.492112,10.416667,61.492112
SOLID,2
39.583333,60.449873,41.666667,60.449873
39.583333,61.492112,41.666667,61.492112
SOLID,1
44.791667,60.449873,45.833333,60.449873
44.791667,61.492112,45.833333,61.492112
SOLID,2
52.083333,60.449873,53.125000,60.449873
52.083333,61.492112,53.125000,61.492112
SOLID,8
53.125000,59.407633,56.250000,59.407633
53.125000,61.492112,56.250000,61.492112
SOLID,1
90.625000,60.449873,91.666667,60.449873
90.625000,61.492112,91.666667,61.492112
SOLID,7
94.791667,59.407633,95.833333,59.407633
94.791667,61.492112,95.833333,61.492112
SOLID,2
98.958333,60.449873,100.000000,60.449873
98.958333,61.492112,100.000000,61.492112
SOLID,1
2.083333,58.365394,3.125000,58.365394
2.083333,60.449873,3.125000,60.449873
SOLID,7
3.125000,50.027481,4.166667,50.027481
3.125000,60.449873,4.166667,60.449873
SOLID,1
4.166667,59.407633,5.208333,59.407633
4.166667,60.449873,5.208333,60.449873
SOLID,7
6.250000,57.323155,7.291667,57.323155
6.250000,60.449873,7.291667,60.449873
SOLID,1
8.333333,58.365394,9.375000,58.365394
8.333333,60.449873,9.375000,60.449873
SOLID,7
9.375000,59.407633,10.416667,59.407633
9.375000,60.449873,10.416667,60.449873
SOLID,7
39.583333,55.238677,41.666667,55.238677
39.583333,60.449873,41.666667,60.449873
SOLID,2
41.666667,59.407633,42.708333,59.407633
41.666667,60.449873,42.708333,60.449873
SOLID,7
44.791667,54.196438,45.833333,54.196438
44.791667,60.449873,45.833333,60.449873
SOLID,7
52.083333,53.154198,53.125000,53.154198
52.083333,60.449873,53.125000,60.449873
SOLID,6
90.625000,52.111959,91.666667,52.111959
90.625000,60.449873,91.666667,60.449873
SOLID,7
98.958333,59.407633,100.000000,59.407633
98.958333,60.449873,100.000000,60.449873
SOLID,1
0.000000,58.365394,1.041667,58.365394
0.000000,59.407633,1.041667,59.407633
SOLID,7
4.166667,57.323155,5.208333,57.323155
4.166667,59.407633,5.208333,59.407633
SOLID,1
9.375000,56.280916,10.416667,56.280916
9.375000,59.407633,10.416667,59.407633
SOLID,7
41.666667,55.238677,42.708333,55.238677
41.666667,59.407633,42.708333,59.407633
SOLID,2
51.041667,58.365394,52.083333,58.365394
51.041667,59.407633,52.083333,59.407633
SOLID,2
53.125000,57.323155,54.166667,57.323155
53.125000,59.407633,54.166667,59.407633
SOLID,8
54.166667,55.238677,56.250000,55.238677
54.166667,59.407633,56.250000,59.407633
SOLID,1
94.791667,51.069720,95.833333,51.069720
94.791667,59.407633,95.833333,59.407633
SOLID,1
96.875000,58.365394,97.916667,58.365394
96.875000,59.407633,97.916667,59.407633
SOLID,2
98.958333,57.323155,100.000000,57.323155
98.958333,59.407633,100.000000,59.407633
SOLID,7
0.000000,52.111959,1.041667,52.111959
0.000000,58.365394,1.041667,58.365394
SOLID,7
2.083333,57.323155,3.125000,57.323155
2.083333,58.365394,3.125000,58.365394
SOLID,1
7.291667,57.323155,8.333333,57.323155
7.291667,58.365394,8.333333,58.365394
SOLID,7
8.333333,57.323155,9.375000,57.323155
8.333333,58.365394,9.375000,58.365394
SOLID,2
13.541667,57.323155,14.583333,57.323155
13.541667,58.365394,14.583333,58.365394
SOLID,1
38.541667,56.280916,39.583333,56.280916
38.541667,58.365394,39.583333,58.365394
SOLID,8
46.875000,57.323155,47.916667,57.323155
46.875000,58.365394,47.916667,58.365394
SOLID,7
51.041667,56.280916,52.083333,56.280916
51.041667,58.365394,52.083333,58.365394
SOLID,2
92.708333,57.323155,93.750000,57.323155
92.708333,58.365394,93.750000,58.365394
SOLID,1
93.750000,50.027481,94.791667,50.027481
93.750000,58.365394,94.791667,58.365394
SOLID,6
96.875000,56.280916,97.916667,56.280916
96.875000,58.365394,97.916667,58.365394
SOLID,1
2.083333,55.238677,3.125000,55.238677
2.083333,57.323155,3.125000,57.323155
SOLID,1
4.166667,55.238677,5.208333,55.238677
4.166667,57.323155,5.208333,57.323155
SOLID,1
6.250000,56.280916,7.291667,56.280916
6.250000,57.323155,7.291667,57.323155
SOLID,7
7.291667,56.280916,8.333333,56.280916
7.291667,57.323155,8.333333,57.323155
SOLID,1
8.333333,55.238677,9.375000,55.238677
8.333333,57.323155,9.375000,57.323155
SOLID,1
10.416667,56.280916,11.458333,56.280916
10.416667,57.323155,11.458333,57.323155
SOLID,8
13.541667,53.154198,14.583333,53.154198
13.541667,57.323155,14.583333,57.323155
SOLID,2
46.875000,56.280916,47.916667,56.280916
46.875000,57.323155,47.916667,57.323155
SOLID,7
53.125000,56.280916,54.166667,56.280916
53.125000,57.323155,54.166667,57.323155
SOLID,7
92.708333,55.238677,93.750000,55.238677
92.708333,57.323155,93.750000,57.323155
SOLID,7
98.958333,56.280916,100.000000,56.280916
98.958333,57.323155,100.000000,57.323155
SOLID,7
6.250000,54.196438,7.291667,54.196438
6.250000,56.280916,7.291667,56.280916
SOLID,1
7.291667,55.238677,8.333333,55.238677
7.291667,56.280916,8.333333,56.280916
SOLID,7
9.375000,55.238677,11.458333,55.238677
9.375000,56.280916,11.458333,56.280916
SOLID,2
26.041667,55.238677,28.125000,55.238677
26.041667,56.280916,28.125000,56.280916
SOLID,8
28.125000,52.111959,30.208333,52.111959
28.125000,56.280916,30.208333,56.280916
SOLID,7
38.541667,55.238677,39.583333,55.238677
38.541667,56.280916,39.583333,56.280916
SOLID,1
42.708333,55.238677,44.791667,55.238677
42.708333,56.280916,44.791667,56.280916
SOLID,8
46.875000,55.238677,47.916667,55.238677
46.875000,56.280916,47.916667,56.280916
SOLID,2
51.041667,55.238677,52.083333,55.238677
51.041667,56.280916,52.083333,56.280916
SOLID,2
53.125000,55.238677,54.166667,55.238677
53.125000,56.280916,54.166667,56.280916
SOLID,1
91.666667,47.943002,92.708333,47.943002
91.666667,56.280916,92.708333,56.280916
SOLID,1
96.875000,53.154198,97.916667,53.154198
96.875000,56.280916,97.916667,56.280916
SOLID,2
98.958333,54.196438,100.000000,54.196438
98.958333,56.280916,100.000000,56.280916
SOLID,7
2.083333,48.985242,3.125000,48.985242
2.083333,55.238677,3.125000,55.238677
SOLID,7
4.166667,50.027481,5.208333,50.027481
4.166667,55.238677,5.208333,55.238677
SOLID,7
7.291667,52.111959,9.375000,52.111959
7.291667,55.238677,9.375000,55.238677
SOLID,1
9.375000,54.196438,10.416667,54.196438
9.375000,55.238677,10.416667,55.238677
SOLID,7
10.416667,52.111959,11.458333,52.111959
10.416667,55.238677,11.458333,55.238677
SOLID,8
12.500000,53.154198,13.541667,53.154198
12.500000,55.238677,13.541667,55.238677
SOLID,2
26.041667,52.111959,27.083333,52.111959
26.041667,55.238677,27.083333,55.238677
SOLID,7
27.083333,51.069720,28.125000,51.069720
27.083333,55.238677,28.125000,55.238677
SOLID,2
36.458333,54.196438,37.500000,54.196438
36.458333,55.238677,37.500000,55.238677
SOLID,1
38.541667,54.196438,40.625000,54.196438
38.541667,55.238677,40.625000,55.238677
SOLID,7
40.625000,53.154198,41.666667,53.154198
40.625000,55.238677,41.666667,55.238677
SOLID,1
41.666667,53.154198,42.708333,53.154198
41.666667,55.238677,42.708333,55.238677
SOLID,6
42.708333,54.196438,43.750000,54.196438
42.708333,55.238677,43.750000,55.238677
SOLID,7
43.750000,54.196438,44.791667,54.196438
43.750000,55.238677,44.791667,55.238677
SOLID,2
46.875000,54.196438,47.916667,54.196438
46.875000,55.238677,47.916667,55.238677
SOLID,7
51.041667,54.196438,52.083333,54.196438
51.041667,55.238677,52.083333,55.238677
SOLID,1
53.125000,53.154198,54.166667,53.154198
53.125000,55.238677,54.166667,55.238677
SOLID,7
54.166667,48.985242,55.208333,48.985242
54.166667,55.238677,55.208333,55.238677
SOLID,8
55.208333,54.196438,56.250000,54.196438
55.208333,55.238677,56.250000,55.238677
SOLID,2
88.541667,48.985242,89.583333,48.985242
88.541667,55.238677,89.583333,55.238677
SOLID,2
92.708333,51.069720,93.750000,51.069720
92.708333,55.238677,93.750000,55.238677
SOLID,1
6.250000,53.154198,7.291667,53.154198
6.250000,54.196438,7.291667,54.196438
SOLID,7
9.375000,51.069720,10.416667,51.069720
9.375000,54.196438,10.416667,54.196438
SOLID,7
36.458333,53.154198,40.625000,53.154198
36.458333,54.196438,40.625000,54.196438
SOLID,1
42.708333,53.154198,43.750000,53.154198
42.708333,54.196438,43.750000,54.196438
SOLID,2
43.750000,53.154198,45.833333,53.154198
43.750000,54.196438,45.833333,54.196438
SOLID,8
45.833333,53.154198,47.916667,53.154198
45.833333,54.196438,47.916667,54.196438
SOLID,8
50.000000,53.154198,51.041667,53.154198
50.000000,54.196438,51.041667,54.196438
SOLID,2
51.041667,48.985242,52.083333,48.985242
51.041667,54.196438,52.083333,54.196438
SOLID,7
55.208333,48.985242,56.250000,48.985242
55.208333,54.196438,56.250000,54.196438
SOLID,2
56.250000,53.154198,57.291667,53.154198
56.250000,54.196438,57.291667,54.196438
SOLID,7
98.958333,46.900763,100.000000,46.900763
98.958333,54.196438,100.000000,54.196438
SOLID,1
5.208333,52.111959,6.250000,52.111959
5.208333,53.154198,6.250000,53.154198
SOLID,7
6.250000,47.943002,7.291667,47.943002
6.250000,53.154198,7.291667,53.154198
SOLID,2
12.500000,48.985242,14.583333,48.985242
12.500000,53.154198,14.583333,53.154198
SOLID,7
35.416667,52.111959,37.500000,52.111959
35.416667,53.154198,37.500000,53.154198
SOLID,1
37.500000,51.069720,41.666667,51.069720
37.500000,53.154198,41.666667,53.154198
SOLID,7
41.666667,52.111959,43.750000,52.111959
41.666667,53.154198,43.750000,53.154198
SOLID,2
43.750000,51.069720,44.791667,51.069720
43.750000,53.154198,44.791667,53.154198
SOLID,7
44.791667,51.069720,45.833333,51.069720
44.791667,53.154198,45.833333,53.154198
SOLID,2
45.833333,46.900763,46.875000,46.900763
45.833333,53.154198,46.875000,53.154198
SOLID,8
46.875000,48.985242,47.916667,48.985242
46.875000,53.154198,47.916667,53.154198
SOLID,2
50.000000,50.027481,51.041667,50.027481
50.000000,53.154198,51.041667,53.154198
SOLID,8
52.083333,51.069720,53.125000,51.069720
52.083333,53.154198,53.125000,53.154198
SOLID,7
53.125000,51.069720,54.166667,51.069720
53.125000,53.154198,54.166667,53.154198
SOLID,7
56.250000,52.111959,57.291667,52.111959
56.250000,53.154198,57.291667,53.154198
SOLID,2
87.500000,51.069720,88.541667,51.069720
87.500000,53.154198,88.541667,53.154198
SOLID,6
96.875000,48.985242,97.916667,48.985242
96.875000,53.154198,97.916667,53.154198
SOLID,1
0.000000,51.069720,1.041667,51.069720
0.000000,52.111959,1.041667,52.111959
SOLID,7
5.208333,50.027481,6.250000,50.027481
5.208333,52.111959,6.250000,52.111959
SOLID,7
7.291667,47.943002,8.333333,47.943002
7.291667,52.111959,8.333333,52.111959
SOLID,1
8.333333,50.027481,9.375000,50.027481
8.333333,52.111959,9.375000,52.111959
SOLID,1
10.416667,47.943002,11.458333,47.943002
10.416667,52.111959,11.458333,52.111959
SOLID,2
15.625000,50.027481,17.708333,50.027481
15.625000,52.111959,17.708333,52.111959
SOLID,8
17.708333,51.069720,21.875000,51.069720
17.708333,52.111959,21.875000,52.111959
SOLID,7
26.041667,51.069720,27.083333,51.069720
26.041667,52.111959,27.083333,52.111959
SOLID,2
28.125000,51.069720,29.166667,51.069720
28.125000,52.111959,29.166667,52.111959
SOLID,8
29.166667,51.069720,30.208333,51.069720
29.166667,52.111959,30.208333,52.111959
SOLID,8
33.333333,51.069720,34.375000,51.069720
33.333333,52.111959,34.375000,52.111959
SOLID,1
34.375000,51.069720,35.416667,51.069720
34.375000,52.111959,35.416667,52.111959
SOLID,4
35.416667,50.027481,36.458333,50.027481
35.416667,52.111959,36.458333,52.111959
SOLID,7
36.458333,51.069720,37.500000,51.069720
36.458333,52.111959,37.500000,52.111959
SOLID,1
41.666667,48.985242,42.708333,48.985242
41.666667,52.111959,42.708333,52.111959
SOLID,7
42.708333,51.069720,43.750000,51.069720
42.708333,52.111959,43.750000,52.111959
SOLID,8
48.958333,51.069720,50.000000,51.069720
48.958333,52.111959,50.000000,52.111959
SOLID,2
56.250000,51.069720,58.333333,51.069720
56.250000,52.111959,58.333333,52.111959
SOLID,1
90.625000,51.069720,91.666667,51.069720
90.625000,52.111959,91.666667,52.111959
SOLID,1
97.916667,42.731807,98.958333,42.731807
97.916667,52.111959,98.958333,52.111959
SOLID,7
0.000000,47.943002,1.041667,47.943002
0.000000,51.069720,1.041667,51.069720
SOLID,1
9.375000,47.943002,10.416667,47.943002
9.375000,51.069720,10.416667,51.069720
SOLID,2
14.583333,48.985242,15.625000,48.985242
14.583333,51.069720,15.625000,51.069720
SOLID,2
17.708333,50.027481,19.791667,50.027481
17.708333,51.069720,19.791667,51.069720
SOLID,8
19.791667,50.027481,20.833333,50.027481
19.791667,51.069720,20.833333,51.069720
SOLID,2
20.833333,50.027481,22.916667,50.027481
20.833333,51.069720,22.916667,51.069720
SOLID,7
22.916667,50.027481,23.958333,50.027481
22.916667,51.069720,23.958333,51.069720
SOLID,1
23.958333,50.027481,28.125000,50.027481
23.958333,51.069720,28.125000,51.069720
SOLID,7
28.125000,48.985242,29.166667,48.985242
28.125000,51.069720,29.166667,51.069720
SOLID,2
29.166667,50.027481,30.208333,50.027481
29.166667,51.069720,30.208333,51.069720
SOLID,7
30.208333,48.985242,31.250000,48.985242
30.208333,51.069720,31.250000,51.069720
SOLID,1
31.250000,50.027481,33.333333,50.027481
31.250000,51.069720,33.333333,51.069720
SOLID,3
33.333333,50.027481,35.416667,50.027481
33.333333,51.069720,35.416667,51.069720
SOLID,1
36.458333,48.985242,37.500000,48.985242
36.458333,51.069720,37.500000,51.069720
SOLID,7
37.500000,50.027481,39.583333,50.027481
37.500000,51.069720,39.583333,51.069720
SOLID,1
39.583333,50.027481,41.666667,50.027481
39.583333,51.069720,41.666667,51.069720
SOLID,1
42.708333,50.027481,43.750000,50.027481
42.708333,51.069720,43.750000,51.069720
SOLID,7
43.750000,46.900763,44.791667,46.900763
43.750000,51.069720,44.791667,51.069720
SOLID,2
44.791667,50.027481,45.833333,50.027481
44.791667,51.069720,45.833333,51.069720
SOLID,2
48.958333,50.027481,50.000000,50.027481
48.958333,51.069720,50.000000,51.069720
SOLID,2
52.083333,50.027481,53.125000,50.027481
52.083333,51.069720,53.125000,51.069720
SOLID,1
53.125000,50.027481,54.166667,50.027481
53.125000,51.069720,54.166667,51.069720
SOLID,7
56.250000,45.858524,57.291667,45.858524
56.250000,51.069720,57.291667,51.069720
SOLID,2
57.291667,47.943002,58.333333,47.943002
57.291667,51.069720,58.333333,51.069720
SOLID,8
87.500000,48.985242,88.541667,48.985242
87.500000,51.069720,88.541667,51.069720
SOLID,2
89.583333,47.943002,90.625000,47.943002
89.583333,51.069720,90.625000,51.069720
SOLID,6
90.625000,48.985242,91.666667,48.985242
90.625000,51.069720,91.666667,51.069720
SOLID,7
92.708333,50.027481,93.750000,50.027481
92.708333,51.069720,93.750000,51.069720
SOLID,6
94.791667,37.520611,95.833333,37.520611
94.791667,51.069720,95.833333,51.069720
SOLID,1
3.125000,47.943002,6.250000,47.943002
3.125000,50.027481,6.250000,50.027481
SOLID,7
8.333333,48.985242,9.375000,48.985242
8.333333,50.027481,9.375000,50.027481
SOLID,2
15.625000,48.985242,16.666667,48.985242
15.625000,50.027481,16.666667,50.027481
SOLID,7
16.666667,48.985242,17.708333,48.985242
16.666667,50.027481,17.708333,50.027481
SOLID,1
17.708333,48.985242,18.750000,48.985242
17.708333,50.027481,18.750000,50.027481
SOLID,7
18.750000,47.943002,19.791667,47.943002
18.750000,50.027481,19.791667,50.027481
SOLID,2
19.791667,48.985242,20.833333,48.985242
19.791667,50.027481,20.833333,50.027481
SOLID,7
20.833333,47.943002,21.875000,47.943002
20.833333,50.027481,21.875000,50.027481
SOLID,1
21.875000,48.985242,23.958333,48.985242
21.875000,50.027481,23.958333,50.027481
SOLID,6
23.958333,48.985242,25.000000,48.985242
23.958333,50.027481,25.000000,50.027481
SOLID,1
25.000000,48.985242,27.083333,48.985242
25.000000,50.027481,27.083333,50.027481
SOLID,7
27.083333,47.943002,28.125000,47.943002
27.083333,50.027481,28.125000,50.027481
SOLID,7
29.166667,48.985242,30.208333,48.985242
29.166667,50.027481,30.208333,50.027481
SOLID,7
31.250000,48.985242,32.291667,48.985242
31.250000,50.027481,32.291667,50.027481
SOLID,1
32.291667,47.943002,33.333333,47.943002
32.291667,50.027481,33.333333,50.027481
SOLID,4
33.333333,48.985242,34.375000,48.985242
33.333333,50.027481,34.375000,50.027481
SOLID,6
34.375000,48.985242,36.458333,48.985242
34.375000,50.027481,36.458333,50.027481
SOLID,7
37.500000,47.943002,38.541667,47.943002
37.500000,50.027481,38.541667,50.027481
SOLID,1
38.541667,48.985242,40.625000,48.985242
38.541667,50.027481,40.625000,50.027481
SOLID,7
40.625000,38.562850,41.666667,38.562850
40.625000,50.027481,41.666667,50.027481
SOLID,7
42.708333,38.562850,43.750000,38.562850
42.708333,50.027481,43.750000,50.027481
SOLID,8
44.791667,48.985242,45.833333,48.985242
44.791667,50.027481,45.833333,50.027481
SOLID,8
47.916667,45.858524,51.041667,45.858524
47.916667,50.027481,51.041667,50.027481
SOLID,7
52.083333,48.985242,54.166667,48.985242
52.083333,50.027481,54.166667,50.027481
SOLID,2
92.708333,44.816285,93.750000,44.816285
92.708333,50.027481,93.750000,50.027481
SOLID,6
93.750000,48.985242,94.791667,48.985242
93.750000,50.027481,94.791667,50.027481
SOLID,1
1.041667,47.943002,3.125000,47.943002
1.041667,48.985242,3.125000,48.985242
SOLID,1
8.333333,47.943002,9.375000,47.943002
8.333333,48.985242,9.375000,48.985242
SOLID,7
12.500000,47.943002,14.583333,47.943002
12.500000,48.985242,14.583333,48.985242
SOLID,1
14.583333,46.900763,15.625000,46.900763
14.583333,48.985242,15.625000,48.985242
SOLID,6
15.625000,46.900763,18.750000,46.900763
15.625000,48.985242,18.750000,48.985242
SOLID,7
19.791667,47.943002,20.833333,47.943002
19.791667,48.985242,20.833333,48.985242
SOLID,6
21.875000,44.816285,23.958333,44.816285
21.875000,48.985242,23.958333,48.985242
SOLID,1
23.958333,47.943002,26.041667,47.943002
23.958333,48.985242,26.041667,48.985242
SOLID,7
26.041667,44.816285,27.083333,44.816285
26.041667,48.985242,27.083333,48.985242
SOLID,1
28.125000,47.943002,32.291667,47.943002
28.125000,48.985242,32.291667,48.985242
SOLID,1
33.333333,47.943002,34.375000,47.943002
33.333333,48.985242,34.375000,48.985242
SOLID,7
34.375000,47.943002,35.416667,47.943002
34.375000,48.985242,35.416667,48.985242
SOLID,1
35.416667,44.816285,36.458333,44.816285
35.416667,48.985242,36.458333,48.985242
SOLID,7
36.458333,47.943002,37.500000,47.943002
36.458333,48.985242,37.500000,48.985242
SOLID,7
38.541667,44.816285,40.625000,44.816285
38.541667,48.985242,40.625000,48.985242
SOLID,7
41.666667,44.816285,42.708333,44.816285
41.666667,48.985242,42.708333,48.985242
SOLID,2
44.791667,46.900763,45.833333,46.900763
44.791667,48.985242,45.833333,48.985242
SOLID,2
46.875000,47.943002,47.916667,47.943002
46.875000,48.985242,47.916667,48.985242
SOLID,7
51.041667,47.943002,52.083333,47.943002
51.041667,48.985242,52.083333,48.985242
SOLID,2
52.083333,43.774046,53.125000,43.774046
52.083333,48.985242,53.125000,48.985242
SOLID,8
53.125000,47.943002,55.208333,47.943002
53.125000,48.985242,55.208333,48.985242
SOLID,2
55.208333,47.943002,56.250000,47.943002
55.208333,48.985242,56.250000,48.985242
SOLID,1
87.500000,47.943002,89.583333,47.943002
87.500000,48.985242,89.583333,48.985242
SOLID,1
90.625000,47.943002,91.666667,47.943002
90.625000,48.985242,91.666667,48.985242
SOLID,1
93.750000,47.943002,94.791667,47.943002
93.750000,48.985242,94.791667,48.985242
SOLID,1
96.875000,47.943002,97.916667,47.943002
96.875000,48.985242,97.916667,48.985242
SOLID,6
0.000000,46.900763,2.083333,46.900763
0.000000,47.943002,2.083333,47.943002
SOLID,7
2.083333,38.562850,6.250000,38.562850
2.083333,47.943002,6.250000,47.943002
SOLID,1
6.250000,46.900763,8.333333,46.900763
6.250000,47.943002,8.333333,47.943002
SOLID,7
8.333333,46.900763,11.458333,46.900763
8.333333,47.943002,11.458333,47.943002
SOLID,7
12.500000,45.858524,13.541667,45.858524
12.500000,47.943002,13.541667,47.943002
SOLID,1
13.541667,43.774046,14.583333,43.774046
13.541667,47.943002,14.583333,47.943002
SOLID,6
18.750000,43.774046,21.875000,43.774046
18.750000,47.943002,21.875000,47.943002
SOLID,6
23.958333,45.858524,26.041667,45.858524
23.958333,47.943002,26.041667,47.943002
SOLID,1
27.083333,46.900763,28.125000,46.900763
27.083333,47.943002,28.125000,47.943002
SOLID,7
28.125000,44.816285,29.166667,44.816285
28.125000,47.943002,29.166667,47.943002
SOLID,1
29.166667,44.816285,30.208333,44.816285
29.166667,47.943002,30.208333,47.943002
SOLID,7
30.208333,46.900763,34.375000,46.900763
30.208333,47.943002,34.375000,47.943002
SOLID,1
34.375000,45.858524,35.416667,45.858524
34.375000,47.943002,35.416667,47.943002
SOLID,1
36.458333,46.900763,38.541667,46.900763
36.458333,47.943002,38.541667,47.943002
SOLID,8
46.875000,36.478371,47.916667,36.478371
46.875000,47.943002,47.916667,47.943002
SOLID,2
51.041667,46.900763,52.083333,46.900763
51.041667,47.943002,52.083333,47.943002
SOLID,2
53.125000,37.520611,55.208333,37.520611
53.125000,47.943002,55.208333,47.943002
SOLID,7
55.208333,46.900763,56.250000,46.900763
55.208333,47.943002,56.250000,47.943002
SOLID,7
57.291667,46.900763,58.333333,46.900763
57.291667,47.943002,58.333333,47.943002
SOLID,1
85.416667,46.900763,86.458333,46.900763
85.416667,47.943002,86.458333,47.943002
SOLID,3
86.458333,46.900763,89.583333,46.900763
86.458333,47.943002,89.583333,47.943002
SOLID,7
89.583333,27.098219,90.625000,27.098219
89.583333,47.943002,90.625000,47.943002
SOLID,6
90.625000,46.900763,92.708333,46.900763
90.625000,47.943002,92.708333,47.943002
SOLID,6
93.750000,46.900763,94.791667,46.900763
93.750000,47.943002,94.791667,47.943002
SOLID,6
96.875000,46.900763,97.916667,46.900763
96.875000,47.943002,97.916667,47.943002
SOLID,1
0.000000,45.858524,2.083333,45.858524
0.000000,46.900763,2.083333,46.900763
SOLID,7
6.250000,45.858524,8.333333,45.858524
6.250000,46.900763,8.333333,46.900763
SOLID,1
8.333333,43.774046,12.500000,43.774046
8.333333,46.900763,12.500000,46.900763
SOLID,6
14.583333,45.858524,15.625000,45.858524
14.583333,46.900763,15.625000,46.900763
SOLID,1
15.625000,43.774046,16.666667,43.774046
15.625000,46.900763,16.666667,46.900763
SOLID,6
16.666667,45.858524,18.750000,45.858524
16.666667,46.900763,18.750000,46.900763
SOLID,7
27.083333,45.858524,28.125000,45.858524
27.083333,46.900763,28.125000,46.900763
SOLID,7
30.208333,44.816285,31.250000,44.816285
30.208333,46.900763,31.250000,46.900763
SOLID,1
31.250000,45.858524,34.375000,45.858524
31.250000,46.900763,34.375000,46.900763
SOLID,7
36.458333,45.858524,38.541667,45.858524
36.458333,46.900763,38.541667,46.900763
SOLID,8
43.750000,44.816285,46.875000,44.816285
43.750000,46.900763,46.875000,46.900763
SOLID,7
51.041667,45.858524,52.083333,45.858524
51.041667,46.900763,52.083333,46.900763
SOLID,2
55.208333,45.858524,56.250000,45.858524
55.208333,46.900763,56.250000,46.900763
SOLID,2
57.291667,40.647328,58.333333,40.647328
57.291667,46.900763,58.333333,46.900763
SOLID,8
82.291667,45.858524,84.375000,45.858524
82.291667,46.900763,84.375000,46.900763
SOLID,2
84.375000,45.858524,85.416667,45.858524
84.375000,46.900763,85.416667,46.900763
SOLID,3
85.416667,45.858524,86.458333,45.858524
85.416667,46.900763,86.458333,46.900763
SOLID,4
86.458333,45.858524,89.583333,45.858524
86.458333,46.900763,89.583333,46.900763
SOLID,1
90.625000,45.858524,91.666667,45.858524
90.625000,46.900763,91.666667,46.900763
SOLID,6
91.666667,37.520611,92.708333,37.520611
91.666667,46.900763,92.708333,46.900763
SOLID,1
93.750000,41.689567,94.791667,41.689567
93.750000,46.900763,94.791667,46.900763
SOLID,1
96.875000,39.605089,97.916667,39.605089
96.875000,46.900763,97.916667,46.900763
SOLID,2
98.958333,45.858524,100.000000,45.858524
98.958333,46.900763,100.000000,46.900763
SOLID,7
0.000000,44.816285,1.041667,44.816285
0.000000,45.858524,1.041667,45.858524
SOLID,1
1.041667,42.731807,2.083333,42.731807
1.041667,45.858524,2.083333,45.858524
SOLID,1
6.250000,44.816285,8.333333,44.816285
6.250000,45.858524,8.333333,45.858524
SOLID,1
12.500000,41.689567,13.541667,41.689567
12.500000,45.858524,13.541667,45.858524
SOLID,1
14.583333,43.774046,15.625000,43.774046
14.583333,45.858524,15.625000,45.858524
SOLID,1
16.666667,43.774046,17.708333,43.774046
16.666667,45.858524,17.708333,45.858524
SOLID,6
17.708333,30.224936,18.750000,30.224936
17.708333,45.858524,18.750000,45.858524
SOLID,6
23.958333,37.520611,25.000000,37.520611
23.958333,45.858524,25.000000,45.858524
SOLID,1
25.000000,44.816285,26.041667,44.816285
25.000000,45.858524,26.041667,45.858524
SOLID,1
27.083333,41.689567,28.125000,41.689567
27.083333,45.858524,28.125000,45.858524
SOLID,7
31.250000,44.816285,35.416667,44.816285
31.250000,45.858524,35.416667,45.858524
SOLID,1
36.458333,40.647328,37.500000,40.647328
36.458333,45.858524,37.500000,45.858524
SOLID,7
37.500000,40.647328,38.541667,40.647328
37.500000,45.858524,38.541667,45.858524
SOLID,8
47.916667,30.224936,48.958333,30.224936
47.916667,45.858524,48.958333,45.858524
SOLID,2
48.958333,44.816285,52.083333,44.816285
48.958333,45.858524,52.083333,45.858524
SOLID,8
55.208333,43.774046,56.250000,43.774046
55.208333,45.858524,56.250000,45.858524
SOLID,2
56.250000,38.562850,57.291667,38.562850
56.250000,45.858524,57.291667,45.858524
SOLID,8
82.291667,42.731807,83.333333,42.731807
82.291667,45.858524,83.333333,45.858524
SOLID,2
83.333333,39.605089,84.375000,39.605089
83.333333,45.858524,84.375000,45.858524
SOLID,7
84.375000,44.816285,85.416667,44.816285
84.375000,45.858524,85.416667,45.858524
SOLID,5
85.416667,42.731807,89.583333,42.731807
85.416667,45.858524,89.583333,45.858524
SOLID,6
90.625000,43.774046,91.666667,43.774046
90.625000,45.858524,91.666667,45.858524
SOLID,7
98.958333,39.605089,100.000000,39.605089
98.958333,45.858524,100.000000,45.858524
SOLID,1
0.000000,42.731807,1.041667,42.731807
0.000000,44.816285,1.041667,44.816285
SOLID,7
6.250000,43.774046,7.291667,43.774046
6.250000,44.816285,7.291667,44.816285
SOLID,1
7.291667,42.731807,8.333333,42.731807
7.291667,44.816285,8.333333,44.816285
SOLID,6
21.875000,43.774046,22.916667,43.774046
21.875000,44.816285,22.916667,44.816285
SOLID,3
22.916667,28.140458,23.958333,28.140458
22.916667,44.816285,23.958333,44.816285
SOLID,6
25.000000,28.140458,26.041667,28.140458
25.000000,44.816285,26.041667,44.816285
SOLID,1
26.041667,37.520611,27.083333,37.520611
26.041667,44.816285,27.083333,44.816285
SOLID,1
28.125000,42.731807,29.166667,42.731807
28.125000,44.816285,29.166667,44.816285
SOLID,6
29.166667,42.731807,32.291667,42.731807
29.166667,44.816285,32.291667,44.816285
SOLID,1
32.291667,43.774046,33.333333,43.774046
32.291667,44.816285,33.333333,44.816285
SOLID,7
33.333333,43.774046,36.458333,43.774046
33.333333,44.816285,36.458333,44.816285
SOLID,7
38.541667,40.647328,39.583333,40.647328
38.541667,44.816285,39.583333,44.816285
SOLID,1
39.583333,41.689567,40.625000,41.689567
39.583333,44.816285,40.625000,44.816285
SOLID,1
41.666667,41.689567,42.708333,41.689567
41.666667,44.816285,42.708333,44.816285
SOLID,8
43.750000,42.731807,44.791667,42.731807
43.750000,44.816285,44.791667,44.816285
SOLID,2
44.791667,38.562850,46.875000,38.562850
44.791667,44.816285,46.875000,44.816285
SOLID,8
48.958333,30.224936,50.000000,30.224936
48.958333,44.816285,50.000000,44.816285
SOLID,2
50.000000,43.774046,52.083333,43.774046
50.000000,44.816285,52.083333,44.816285
SOLID,4
84.375000,42.731807,85.416667,42.731807
84.375000,44.816285,85.416667,44.816285
SOLID,7
92.708333,42.731807,93.750000,42.731807
92.708333,44.816285,93.750000,44.816285
SOLID,1
6.250000,41.689567,7.291667,41.689567
6.250000,43.774046,7.291667,43.774046
SOLID,7
8.333333,37.520611,9.375000,37.520611
8.333333,43.774046,9.375000,43.774046
SOLID,1
9.375000,41.689567,10.416667,41.689567
9.375000,43.774046,10.416667,43.774046
SOLID,7
10.416667,41.689567,11.458333,41.689567
10.416667,43.774046,11.458333,43.774046
SOLID,1
11.458333,41.689567,12.500000,41.689567
11.458333,43.774046,12.500000,43.774046
SOLID,6
13.541667,42.731807,17.708333,42.731807
13.541667,43.774046,17.708333,43.774046
SOLID,6
18.750000,41.689567,19.791667,41.689567
18.750000,43.774046,19.791667,43.774046
SOLID,3
19.791667,42.731807,22.916667,42.731807
19.791667,43.774046,22.916667,43.774046
SOLID,6
32.291667,39.605089,33.333333,39.605089
32.291667,43.774046,33.333333,43.774046
SOLID,1
33.333333,40.647328,35.416667,40.647328
33.333333,43.774046,35.416667,43.774046
SOLID,7
35.416667,38.562850,36.458333,38.562850
35.416667,43.774046,36.458333,43.774046
SOLID,2
50.000000,42.731807,51.041667,42.731807
50.000000,43.774046,51.041667,43.774046
SOLID,7
51.041667,42.731807,53.125000,42.731807
51.041667,43.774046,53.125000,43.774046
SOLID,2
55.208333,40.647328,56.250000,40.647328
55.208333,43.774046,56.250000,43.774046
SOLID,8
65.625000,42.731807,67.708333,42.731807
65.625000,43.774046,67.708333,43.774046
SOLID,2
67.708333,42.731807,69.791667,42.731807
67.708333,43.774046,69.791667,43.774046
SOLID,1
90.625000,37.520611,91.666667,37.520611
90.625000,43.774046,91.666667,43.774046
SOLID,7
0.000000,40.647328,2.083333,40.647328
0.000000,42.731807,2.083333,42.731807
SOLID,7
7.291667,36.478371,8.333333,36.478371
7.291667,42.731807,8.333333,42.731807
SOLID,1
13.541667,41.689567,14.583333,41.689567
13.541667,42.731807,14.583333,42.731807
SOLID,6
14.583333,40.647328,17.708333,40.647328
14.583333,42.731807,17.708333,42.731807
SOLID,3
19.791667,30.224936,21.875000,30.224936
19.791667,42.731807,21.875000,42.731807
SOLID,4
21.875000,28.140458,22.916667,28.140458
21.875000,42.731807,22.916667,42.731807
SOLID,6
28.125000,22.929262,29.166667,22.929262
28.125000,42.731807,29.166667,42.731807
SOLID,1
29.166667,41.689567,30.208333,41.689567
29.166667,42.731807,30.208333,42.731807
SOLID,6
30.208333,40.647328,32.291667,40.647328
30.208333,42.731807,32.291667,42.731807
SOLID,2
43.750000,39.605089,44.791667,39.605089
43.750000,42.731807,44.791667,42.731807
SOLID,8
50.000000,38.562850,51.041667,38.562850
50.000000,42.731807,51.041667,42.731807
SOLID,2
51.041667,37.520611,52.083333,37.520611
51.041667,42.731807,52.083333,42.731807
SOLID,7
52.083333,40.647328,53.125000,40.647328
52.083333,42.731807,53.125000,42.731807
SOLID,2
62.500000,40.647328,63.541667,40.647328
62.500000,42.731807,63.541667,42.731807
SOLID,8
63.541667,41.689567,64.583333,41.689567
63.541667,42.731807,64.583333,42.731807
SOLID,2
64.583333,41.689567,67.708333,41.689567
64.583333,42.731807,67.708333,42.731807
SOLID,1
67.708333,41.689567,69.791667,41.689567
67.708333,42.731807,69.791667,42.731807
SOLID,2
69.791667,41.689567,72.916667,41.689567
69.791667,42.731807,72.916667,42.731807
SOLID,2
81.250000,39.605089,83.333333,39.605089
81.250000,42.731807,83.333333,42.731807
SOLID,5
84.375000,30.224936,88.541667,30.224936
84.375000,42.731807,88.541667,42.731807
SOLID,4
88.541667,41.689567,89.583333,41.689567
88.541667,42.731807,89.583333,42.731807
SOLID,2
92.708333,38.562850,93.750000,38.562850
92.708333,42.731807,93.750000,42.731807
SOLID,6
97.916667,41.689567,98.958333,41.689567
97.916667,42.731807,98.958333,42.731807
SOLID,7
6.250000,36.478371,7.291667,36.478371
6.250000,41.689567,7.291667,41.689567
SOLID,7
9.375000,39.605089,10.416667,39.605089
9.375000,41.689567,10.416667,41.689567
SOLID,1
10.416667,38.562850,11.458333,38.562850
10.416667,41.689567,11.458333,41.689567
SOLID,7
11.458333,40.647328,14.583333,40.647328
11.458333,41.689567,14.583333,41.689567
SOLID,3
18.750000,28.140458,19.791667,28.140458
18.750000,41.689567,19.791667,41.689567
SOLID,6
27.083333,29.182697,28.125000,29.182697
27.083333,41.689567,28.125000,41.689567
SOLID,6
29.166667,33.351654,30.208333,33.351654
29.166667,41.689567,30.208333,41.689567
SOLID,7
39.583333,38.562850,40.625000,38.562850
39.583333,41.689567,40.625000,41.689567
SOLID,7
41.666667,38.562850,42.708333,38.562850
41.666667,41.689567,42.708333,41.689567
SOLID,2
58.333333,39.605089,59.375000,39.605089
58.333333,41.689567,59.375000,41.689567
SOLID,7
63.541667,40.647328,64.583333,40.647328
63.541667,41.689567,64.583333,41.689567
SOLID,1
64.583333,40.647328,67.708333,40.647328
64.583333,41.689567,67.708333,41.689567
SOLID,6
67.708333,32.309415,68.750000,32.309415
67.708333,41.689567,68.750000,41.689567
SOLID,1
68.750000,40.647328,70.833333,40.647328
68.750000,41.689567,70.833333,41.689567
SOLID,7
70.833333,40.647328,72.916667,40.647328
70.833333,41.689567,72.916667,41.689567
SOLID,2
72.916667,39.605089,75.000000,39.605089
72.916667,41.689567,75.000000,41.689567
SOLID,2
77.083333,39.605089,79.166667,39.605089
77.083333,41.689567,79.166667,41.689567
SOLID,5
88.541667,37.520611,89.583333,37.520611
88.541667,41.689567,89.583333,41.689567
SOLID,7
93.750000,40.647328,94.791667,40.647328
93.750000,41.689567,94.791667,41.689567
SOLID,1
97.916667,40.647328,98.958333,40.647328
97.916667,41.689567,98.958333,41.689567
SOLID,1
0.000000,39.605089,1.041667,39.605089
0.000000,40.647328,1.041667,40.647328
SOLID,7
1.041667,38.562850,2.083333,38.562850
1.041667,40.647328,2.083333,40.647328
SOLID,1
11.458333,39.605089,13.541667,39.605089
11.458333,40.647328,13.541667,40.647328
SOLID,7
13.541667,38.562850,14.583333,38.562850
13.541667,40.647328,14.583333,40.647328
SOLID,1
14.583333,36.478371,15.625000,36.478371
14.583333,40.647328,15.625000,40.647328
SOLID,6
15.625000,39.605089,17.708333,39.605089
15.625000,40.647328,17.708333,40.647328
SOLID,6
30.208333,38.562850,31.250000,38.562850
30.208333,40.647328,31.250000,40.647328
SOLID,3
31.250000,38.562850,32.291667,38.562850
31.250000,40.647328,32.291667,40.647328
SOLID,7
33.333333,38.562850,35.416667,38.562850
33.333333,40.647328,35.416667,40.647328
SOLID,7
36.458333,38.562850,37.500000,38.562850
36.458333,40.647328,37.500000,40.647328
SOLID,2
37.500000,39.605089,39.583333,39.605089
37.500000,40.647328,39.583333,40.647328
SOLID,2
52.083333,39.605089,53.125000,39.605089
52.083333,40.647328,53.125000,40.647328
SOLID,8
55.208333,39.605089,56.250000,39.605089
55.208333,40.647328,56.250000,40.647328
SOLID,7
57.291667,39.605089,58.333333,39.605089
57.291667,40.647328,58.333333,40.647328
SOLID,7
59.375000,39.605089,61.458333,39.605089
59.375000,40.647328,61.458333,40.647328
SOLID,2
61.458333,39.605089,62.500000,39.605089
61.458333,40.647328,62.500000,40.647328
SOLID,7
62.500000,39.605089,63.541667,39.605089
62.500000,40.647328,63.541667,40.647328
SOLID,6
63.541667,38.562850,64.583333,38.562850
63.541667,40.647328,64.583333,40.647328
SOLID,7
64.583333,39.605089,66.666667,39.605089
64.583333,40.647328,66.666667,40.647328
SOLID,1
66.666667,37.520611,67.708333,37.520611
66.666667,40.647328,67.708333,40.647328
SOLID,6
68.750000,39.605089,70.833333,39.605089
68.750000,40.647328,70.833333,40.647328
SOLID,1
70.833333,36.478371,71.875000,36.478371
70.833333,40.647328,71.875000,40.647328
SOLID,7
71.875000,36.478371,72.916667,36.478371
71.875000,40.647328,72.916667,40.647328
SOLID,2
75.000000,39.605089,77.083333,39.605089
75.000000,40.647328,77.083333,40.647328
SOLID,2
79.166667,39.605089,81.250000,39.605089
79.166667,40.647328,81.250000,40.647328
SOLID,1
93.750000,39.605089,94.791667,39.605089
93.750000,40.647328,94.791667,40.647328
SOLID,6
97.916667,39.605089,98.958333,39.605089
97.916667,40.647328,98.958333,40.647328
SOLID,7
0.000000,38.562850,1.041667,38.562850
0.000000,39.605089,1.041667,39.605089
SOLID,1
9.375000,38.562850,10.416667,38.562850
9.375000,39.605089,10.416667,39.605089
SOLID,1
11.458333,27.098219,12.500000,27.098219
11.458333,39.605089,12.500000,39.605089
SOLID,7
12.500000,38.562850,13.541667,38.562850
12.500000,39.605089,13.541667,39.605089
SOLID,3
15.625000,38.562850,16.666667,38.562850
15.625000,39.605089,16.666667,39.605089
SOLID,6
16.666667,29.182697,17.708333,29.182697
16.666667,39.605089,17.708333,39.605089
SOLID,3
32.291667,38.562850,33.333333,38.562850
32.291667,39.605089,33.333333,39.605089
SOLID,7
37.500000,38.562850,39.583333,38.562850
37.500000,39.605089,39.583333,39.605089
SOLID,8
43.750000,36.478371,44.791667,36.478371
43.750000,39.605089,44.791667,39.605089
SOLID,7
52.083333,38.562850,53.125000,38.562850
52.083333,39.605089,53.125000,39.605089
SOLID,2
55.208333,38.562850,56.250000,38.562850
55.208333,39.605089,56.250000,39.605089
SOLID,2
57.291667,37.520611,58.333333,37.520611
57.291667,39.605089,58.333333,39.605089
SOLID,1
58.333333,38.562850,59.375000,38.562850
58.333333,39.605089,59.375000,39.605089
SOLID,6
59.375000,38.562850,60.416667,38.562850
59.375000,39.605089,60.416667,39.605089
SOLID,1
60.416667,37.520611,62.500000,37.520611
60.416667,39.605089,62.500000,39.605089
SOLID,6
62.500000,36.478371,63.541667,36.478371
62.500000,39.605089,63.541667,39.605089
SOLID,6
64.583333,38.562850,66.666667,38.562850
64.583333,39.605089,66.666667,39.605089
SOLID,6
68.750000,35.436132,69.791667,35.436132
68.750000,39.605089,69.791667,39.605089
SOLID,1
69.791667,33.351654,70.833333,33.351654
69.791667,39.605089,70.833333,39.605089
SOLID,7
72.916667,38.562850,81.250000,38.562850
72.916667,39.605089,81.250000,39.605089
SOLID,2
81.250000,38.562850,82.291667,38.562850
81.250000,39.605089,82.291667,39.605089
SOLID,7
82.291667,38.562850,83.333333,38.562850
82.291667,39.605089,83.333333,39.605089
SOLID,1
83.333333,38.562850,84.375000,38.562850
83.333333,39.605089,84.375000,39.605089
SOLID,7
93.750000,38.562850,94.791667,38.562850
93.750000,39.605089,94.791667,39.605089
SOLID,7
96.875000,38.562850,97.916667,38.562850
96.875000,39.605089,97.916667,39.605089
SOLID,1
97.916667,38.562850,98.958333,38.562850
97.916667,39.605089,98.958333,39.605089
SOLID,2
98.958333,38.562850,100.000000,38.562850
98.958333,39.605089,100.000000,39.605089
SOLID,1
0.000000,37.520611,3.125000,37.520611
0.000000,38.562850,3.125000,38.562850
SOLID,7
3.125000,37.520611,6.250000,37.520611
3.125000,38.562850,6.250000,38.562850
SOLID,7
9.375000,36.478371,11.458333,36.478371
9.375000,38.562850,11.458333,38.562850
SOLID,1
12.500000,36.478371,13.541667,36.478371
12.500000,38.562850,13.541667,38.562850
SOLID,6
13.541667,37.520611,14.583333,37.520611
13.541667,38.562850,14.583333,38.562850
SOLID,6
15.625000,37.520611,16.666667,37.520611
15.625000,38.562850,16.666667,38.562850
SOLID,7
30.208333,37.520611,33.333333,37.520611
30.208333,38.562850,33.333333,38.562850
SOLID,2
33.333333,36.478371,34.375000,36.478371
33.333333,38.562850,34.375000,38.562850
SOLID,7
34.375000,37.520611,35.416667,37.520611
34.375000,38.562850,35.416667,38.562850
SOLID,2
35.416667,37.520611,41.666667,37.520611
35.416667,38.562850,41.666667,38.562850
SOLID,8
41.666667,35.436132,43.750000,35.436132
41.666667,38.562850,43.750000,38.562850
SOLID,8
44.791667,36.478371,46.875000,36.478371
44.791667,38.562850,46.875000,38.562850
SOLID,2
50.000000,37.520611,51.041667,37.520611
50.000000,38.562850,51.041667,38.562850
SOLID,2
52.083333,27.098219,53.125000,27.098219
52.083333,38.562850,53.125000,38.562850
SOLID,8
55.208333,34.393893,57.291667,34.393893
55.208333,38.562850,57.291667,38.562850
SOLID,7
58.333333,37.520611,59.375000,37.520611
58.333333,38.562850,59.375000,38.562850
SOLID,1
59.375000,37.520611,60.416667,37.520611
59.375000,38.562850,60.416667,38.562850
SOLID,1
63.541667,37.520611,64.583333,37.520611
63.541667,38.562850,64.583333,38.562850
SOLID,6
64.583333,36.478371,65.625000,36.478371
64.583333,38.562850,65.625000,38.562850
SOLID,1
65.625000,37.520611,66.666667,37.520611
65.625000,38.562850,66.666667,38.562850
SOLID,7
72.916667,37.520611,79.166667,37.520611
72.916667,38.562850,79.166667,38.562850
SOLID,1
79.166667,37.520611,80.208333,37.520611
79.166667,38.562850,80.208333,38.562850
SOLID,7
80.208333,37.520611,81.250000,37.520611
80.208333,38.562850,81.250000,38.562850
SOLID,6
81.250000,36.478371,84.375000,36.478371
81.250000,38.562850,84.375000,38.562850
SOLID,7
92.708333,29.182697,93.750000,29.182697
92.708333,38.562850,93.750000,38.562850
SOLID,1
93.750000,35.436132,94.791667,35.436132
93.750000,38.562850,94.791667,38.562850
SOLID,7
95.833333,31.267176,96.875000,31.267176
95.833333,38.562850,96.875000,38.562850
SOLID,1
96.875000,37.520611,97.916667,37.520611
96.875000,38.562850,97.916667,38.562850
SOLID,6
97.916667,37.520611,98.958333,37.520611
97.916667,38.562850,98.958333,38.562850
SOLID,7
98.958333,35.436132,100.000000,35.436132
98.958333,38.562850,100.000000,38.562850
SOLID,7
0.000000,35.436132,3.125000,35.436132
0.000000,37.520611,3.125000,37.520611
SOLID,1
3.125000,34.393893,4.166667,34.393893
3.125000,37.520611,4.166667,37.520611
SOLID,7
4.166667,35.436132,6.250000,35.436132
4.166667,37.520611,6.250000,37.520611
SOLID,1
8.333333,34.393893,9.375000,34.393893
8.333333,37.520611,9.375000,37.520611
SOLID,1
13.541667,36.478371,14.583333,36.478371
13.541667,37.520611,14.583333,37.520611
SOLID,1
15.625000,34.393893,16.666667,34.393893
15.625000,37.520611,16.666667,37.520611
SOLID,3
23.958333,36.478371,25.000000,36.478371
23.958333,37.520611,25.000000,37.520611
SOLID,6
26.041667,36.478371,27.083333,36.478371
26.041667,37.520611,27.083333,37.520611
SOLID,2
30.208333,36.478371,31.250000,36.478371
30.208333,37.520611,31.250000,37.520611
SOLID,7
31.250000,27.098219,33.333333,27.098219
31.250000,37.520611,33.333333,37.520611
SOLID,2
34.375000,36.478371,35.416667,36.478371
34.375000,37.520611,35.416667,37.520611
SOLID,7
35.416667,30.224936,37.500000,30.224936
35.416667,37.520611,37.500000,37.520611
SOLID,2
37.500000,36.478371,38.541667,36.478371
37.500000,37.520611,38.541667,37.520611
SOLID,7
38.541667,28.140458,39.583333,28.140458
38.541667,37.520611,39.583333,37.520611
SOLID,2
39.583333,36.478371,41.666667,36.478371
39.583333,37.520611,41.666667,37.520611
SOLID,8
50.000000,30.224936,51.041667,30.224936
50.000000,37.520611,51.041667,37.520611
SOLID,7
51.041667,36.478371,52.083333,36.478371
51.041667,37.520611,52.083333,37.520611
SOLID,2
53.125000,30.224936,54.166667,30.224936
53.125000,37.520611,54.166667,37.520611
SOLID,8
54.166667,26.055980,55.208333,26.055980
54.166667,37.520611,55.208333,37.520611
SOLID,8
57.291667,34.393893,59.375000,34.393893
57.291667,37.520611,59.375000,37.520611
SOLID,7
59.375000,35.436132,60.416667,35.436132
59.375000,37.520611,60.416667,37.520611
SOLID,6
60.416667,36.478371,62.500000,36.478371
60.416667,37.520611,62.500000,37.520611
SOLID,6
63.541667,33.351654,64.583333,33.351654
63.541667,37.520611,64.583333,37.520611
SOLID,6
65.625000,34.393893,67.708333,34.393893
65.625000,37.520611,67.708333,37.520611
SOLID,7
72.916667,36.478371,73.958333,36.478371
72.916667,37.520611,73.958333,37.520611
SOLID,1
73.958333,36.478371,79.166667,36.478371
73.958333,37.520611,79.166667,37.520611
SOLID,7
79.166667,36.478371,80.208333,36.478371
79.166667,37.520611,80.208333,37.520611
SOLID,6
80.208333,36.478371,81.250000,36.478371
80.208333,37.520611,81.250000,37.520611
SOLID,1
88.541667,36.478371,89.583333,36.478371
88.541667,37.520611,89.583333,37.520611
SOLID,6
90.625000,35.436132,91.666667,35.436132
90.625000,37.520611,91.666667,37.520611
SOLID,1
91.666667,36.478371,92.708333,36.478371
91.666667,37.520611,92.708333,37.520611
SOLID,7
94.791667,35.436132,95.833333,35.436132
94.791667,37.520611,95.833333,37.520611
SOLID,6
96.875000,35.436132,97.916667,35.436132
96.875000,37.520611,97.916667,37.520611
SOLID,7
97.916667,20.844784,98.958333,20.844784
97.916667,37.520611,98.958333,37.520611
SOLID,1
6.250000,34.393893,8.333333,34.393893
6.250000,36.478371,8.333333,36.478371
SOLID,1
9.375000,34.393893,11.458333,34.393893
9.375000,36.478371,11.458333,36.478371
SOLID,6
12.500000,35.436132,13.541667,35.436132
12.500000,36.478371,13.541667,36.478371
SOLID,7
13.541667,35.436132,15.625000,35.436132
13.541667,36.478371,15.625000,36.478371
SOLID,6
23.958333,34.393893,25.000000,34.393893
23.958333,36.478371,25.000000,36.478371
SOLID,1
26.041667,34.393893,27.083333,34.393893
26.041667,36.478371,27.083333,36.478371
SOLID,7
30.208333,27.098219,31.250000,27.098219
30.208333,36.478371,31.250000,36.478371
SOLID,7
33.333333,34.393893,35.416667,34.393893
33.333333,36.478371,35.416667,36.478371
SOLID,7
37.500000,27.098219,38.541667,27.098219
37.500000,36.478371,38.541667,36.478371
SOLID,7
39.583333,29.182697,41.666667,29.182697
39.583333,36.478371,41.666667,36.478371
SOLID,2
43.750000,35.436132,47.916667,35.436132
43.750000,36.478371,47.916667,36.478371
SOLID,2
51.041667,30.224936,52.083333,30.224936
51.041667,36.478371,52.083333,36.478371
SOLID,1
60.416667,35.436132,63.541667,35.436132
60.416667,36.478371,63.541667,36.478371
SOLID,3
64.583333,34.393893,65.625000,34.393893
64.583333,36.478371,65.625000,36.478371
SOLID,6
70.833333,35.436132,71.875000,35.436132
70.833333,36.478371,71.875000,36.478371
SOLID,1
71.875000,31.267176,75.000000,31.267176
71.875000,36.478371,75.000000,36.478371
SOLID,6
75.000000,35.436132,76.041667,35.436132
75.000000,36.478371,76.041667,36.478371
SOLID,1
76.041667,34.393893,77.083333,34.393893
76.041667,36.478371,77.083333,36.478371
SOLID,6
77.083333,35.436132,79.166667,35.436132
77.083333,36.478371,79.166667,36.478371
SOLID,1
79.166667,35.436132,80.208333,35.436132
79.166667,36.478371,80.208333,36.478371
SOLID,3
80.208333,35.436132,81.250000,35.436132
80.208333,36.478371,81.250000,36.478371
SOLID,6
81.250000,35.436132,82.291667,35.436132
81.250000,36.478371,82.291667,36.478371
SOLID,1
82.291667,35.436132,83.333333,35.436132
82.291667,36.478371,83.333333,36.478371
SOLID,4
83.333333,35.436132,84.375000,35.436132
83.333333,36.478371,84.375000,36.478371
SOLID,7
88.541667,28.140458,89.583333,28.140458
88.541667,36.478371,89.583333,36.478371
SOLID,7
91.666667,35.436132,92.708333,35.436132
91.666667,36.478371,92.708333,36.478371
SOLID,1
0.000000,34.393893,2.083333,34.393893
0.000000,35.436132,2.083333,35.436132
SOLID,7
2.083333,31.267176,3.125000,31.267176
2.083333,35.436132,3.125000,35.436132
SOLID,1
4.166667,34.393893,6.250000,34.393893
4.166667,35.436132,6.250000,35.436132
SOLID,1
12.500000,34.393893,14.583333,34.393893
12.500000,35.436132,14.583333,35.436132
SOLID,7
14.583333,31.267176,15.625000,31.267176
14.583333,35.436132,15.625000,35.436132
SOLID,8
41.666667,30.224936,42.708333,30.224936
41.666667,35.436132,42.708333,35.436132
SOLID,2
42.708333,33.351654,43.750000,33.351654
42.708333,35.436132,43.750000,35.436132
SOLID,8
43.750000,34.393893,45.833333,34.393893
43.750000,35.436132,45.833333,35.436132
SOLID,2
45.833333,32.309415,46.875000,32.309415
45.833333,35.436132,46.875000,35.436132
SOLID,8
46.875000,34.393893,47.916667,34.393893
46.875000,35.436132,47.916667,35.436132
SOLID,1
59.375000,34.393893,61.458333,34.393893
59.375000,35.436132,61.458333,35.436132
SOLID,6
61.458333,29.182697,62.500000,29.182697
61.458333,35.436132,62.500000,35.436132
SOLID,1
62.500000,33.351654,63.541667,33.351654
62.500000,35.436132,63.541667,35.436132
SOLID,1
68.750000,34.393893,69.791667,34.393893
68.750000,35.436132,69.791667,35.436132
SOLID,1
70.833333,32.309415,71.875000,32.309415
70.833333,35.436132,71.875000,35.436132
SOLID,1
75.000000,34.393893,76.041667,34.393893
75.000000,35.436132,76.041667,35.436132
SOLID,1
77.083333,34.393893,78.125000,34.393893
77.083333,35.436132,78.125000,35.436132
SOLID,6
78.125000,34.393893,79.166667,34.393893
78.125000,35.436132,79.166667,35.436132
SOLID,3
79.166667,34.393893,80.208333,34.393893
79.166667,35.436132,80.208333,35.436132
SOLID,4
80.208333,34.393893,81.250000,34.393893
80.208333,35.436132,81.250000,35.436132
SOLID,3
81.250000,34.393893,82.291667,34.393893
81.250000,35.436132,82.291667,35.436132
SOLID,4
82.291667,34.393893,83.333333,34.393893
82.291667,35.436132,83.333333,35.436132
SOLID,5
83.333333,22.929262,84.375000,22.929262
83.333333,35.436132,84.375000,35.436132
SOLID,3
90.625000,34.393893,91.666667,34.393893
90.625000,35.436132,91.666667,35.436132
SOLID,1
91.666667,29.182697,92.708333,29.182697
91.666667,35.436132,92.708333,35.436132
SOLID,6
93.750000,29.182697,94.791667,29.182697
93.750000,35.436132,94.791667,35.436132
SOLID,1
94.791667,28.140458,95.833333,28.140458
94.791667,35.436132,95.833333,35.436132
SOLID,3
96.875000,34.393893,97.916667,34.393893
96.875000,35.436132,97.916667,35.436132
SOLID,1
98.958333,34.393893,100.000000,34.393893
98.958333,35.436132,100.000000,35.436132
SOLID,7
0.000000,33.351654,2.083333,33.351654
0.000000,34.393893,2.083333,34.393893
SOLID,7
3.125000,33.351654,5.208333,33.351654
3.125000,34.393893,5.208333,34.393893
SOLID,1
5.208333,27.098219,6.250000,27.098219
5.208333,34.393893,6.250000,34.393893
SOLID,7
6.250000,33.351654,11.458333,33.351654
6.250000,34.393893,11.458333,34.393893
SOLID,1
12.500000,28.140458,13.541667,28.140458
12.500000,34.393893,13.541667,34.393893
SOLID,7
13.541667,31.267176,14.583333,31.267176
13.541667,34.393893,14.583333,34.393893
SOLID,7
15.625000,32.309415,16.666667,32.309415
15.625000,34.393893,16.666667,34.393893
SOLID,3
23.958333,29.182697,25.000000,29.182697
23.958333,34.393893,25.000000,34.393893
SOLID,6
26.041667,29.182697,27.083333,29.182697
26.041667,34.393893,27.083333,34.393893
SOLID,2
33.333333,33.351654,34.375000,33.351654
33.333333,34.393893,34.375000,34.393893
SOLID,7
34.375000,32.309415,35.416667,32.309415
34.375000,34.393893,35.416667,34.393893
SOLID,2
43.750000,33.351654,45.833333,33.351654
43.750000,34.393893,45.833333,34.393893
SOLID,2
46.875000,33.351654,47.916667,33.351654
46.875000,34.393893,47.916667,34.393893
SOLID,2
55.208333,32.309415,56.250000,32.309415
55.208333,34.393893,56.250000,34.393893
SOLID,8
56.250000,33.351654,57.291667,33.351654
56.250000,34.393893,57.291667,34.393893
SOLID,2
57.291667,32.309415,59.375000,32.309415
57.291667,34.393893,59.375000,34.393893
SOLID,1
59.375000,33.351654,60.416667,33.351654
59.375000,34.393893,60.416667,34.393893
SOLID,6
60.416667,29.182697,61.458333,29.182697
60.416667,34.393893,61.458333,34.393893
SOLID,6
64.583333,32.309415,65.625000,32.309415
64.583333,34.393893,65.625000,34.393893
SOLID,3
65.625000,27.098219,67.708333,27.098219
65.625000,34.393893,67.708333,34.393893
SOLID,6
68.750000,29.182697,69.791667,29.182697
68.750000,34.393893,69.791667,34.393893
SOLID,6
75.000000,33.351654,78.125000,33.351654
75.000000,34.393893,78.125000,34.393893
SOLID,3
78.125000,31.267176,79.166667,31.267176
78.125000,34.393893,79.166667,34.393893
SOLID,5
79.166667,29.182697,83.333333,29.182697
79.166667,34.393893,83.333333,34.393893
SOLID,6
90.625000,28.140458,91.666667,28.140458
90.625000,34.393893,91.666667,34.393893
SOLID,6
96.875000,30.224936,97.916667,30.224936
96.875000,34.393893,97.916667,34.393893
SOLID,7
98.958333,26.055980,100.000000,26.055980
98.958333,34.393893,100.000000,34.393893
SOLID,1
0.000000,28.140458,1.041667,28.140458
0.000000,33.351654,1.041667,33.351654
SOLID,7
1.041667,31.267176,2.083333,31.267176
1.041667,33.351654,2.083333,33.351654
SOLID,1
3.125000,28.140458,5.208333,28.140458
3.125000,33.351654,5.208333,33.351654
SOLID,7
6.250000,32.309415,7.291667,32.309415
6.250000,33.351654,7.291667,33.351654
SOLID,1
7.291667,27.098219,8.333333,27.098219
7.291667,33.351654,8.333333,33.351654
SOLID,7
8.333333,32.309415,11.458333,32.309415
8.333333,33.351654,11.458333,33.351654
SOLID,4
29.166667,19.802544,30.208333,19.802544
29.166667,33.351654,30.208333,33.351654
SOLID,7
33.333333,29.182697,34.375000,29.182697
33.333333,33.351654,34.375000,33.351654
SOLID,8
42.708333,32.309415,45.833333,32.309415
42.708333,33.351654,45.833333,33.351654
SOLID,8
46.875000,30.224936,47.916667,30.224936
46.875000,33.351654,47.916667,33.351654
SOLID,2
56.250000,30.224936,57.291667,30.224936
56.250000,33.351654,57.291667,33.351654
SOLID,6
59.375000,29.182697,60.416667,29.182697
59.375000,33.351654,60.416667,33.351654
SOLID,6
62.500000,29.182697,63.541667,29.182697
62.500000,33.351654,63.541667,33.351654
SOLID,3
63.541667,30.224936,64.583333,30.224936
63.541667,33.351654,64.583333,33.351654
SOLID,6
69.791667,29.182697,70.833333,29.182697
69.791667,33.351654,70.833333,33.351654
SOLID,6
75.000000,31.267176,76.041667,31.267176
75.000000,33.351654,76.041667,33.351654
SOLID,1
76.041667,30.224936,77.083333,30.224936
76.041667,33.351654,77.083333,33.351654
SOLID,3
77.083333,30.224936,78.125000,30.224936
77.083333,33.351654,78.125000,33.351654
SOLID,1
6.250000,28.140458,7.291667,28.140458
6.250000,32.309415,7.291667,32.309415
SOLID,1
8.333333,29.182697,11.458333,29.182697
8.333333,32.309415,11.458333,32.309415
SOLID,1
15.625000,29.182697,16.666667,29.182697
15.625000,32.309415,16.666667,32.309415
SOLID,2
34.375000,31.267176,35.416667,31.267176
34.375000,32.309415,35.416667,32.309415
SOLID,2
42.708333,30.224936,44.791667,30.224936
42.708333,32.309415,44.791667,32.309415
SOLID,8
44.791667,31.267176,46.875000,31.267176
44.791667,32.309415,46.875000,32.309415
SOLID,8
55.208333,31.267176,56.250000,31.267176
55.208333,32.309415,56.250000,32.309415
SOLID,6
57.291667,29.182697,59.375000,29.182697
57.291667,32.309415,59.375000,32.309415
SOLID,3
64.583333,26.055980,65.625000,26.055980
64.583333,32.309415,65.625000,32.309415
SOLID,3
67.708333,28.140458,68.750000,28.140458
67.708333,32.309415,68.750000,32.309415
SOLID,6
70.833333,29.182697,71.875000,29.182697
70.833333,32.309415,71.875000,32.309415
SOLID,1
1.041667,27.098219,3.125000,27.098219
1.041667,31.267176,3.125000,31.267176
SOLID,1
13.541667,29.182697,15.625000,29.182697
13.541667,31.267176,15.625000,31.267176
SOLID,7
34.375000,26.055980,35.416667,26.055980
34.375000,31.267176,35.416667,31.267176
SOLID,2
44.791667,27.098219,45.833333,27.098219
44.791667,31.267176,45.833333,31.267176
SOLID,8
45.833333,30.224936,46.875000,30.224936
45.833333,31.267176,46.875000,31.267176
SOLID,2
55.208333,30.224936,56.250000,30.224936
55.208333,31.267176,56.250000,31.267176
SOLID,6
71.875000,28.140458,72.916667,28.140458
71.875000,31.267176,72.916667,31.267176
SOLID,1
72.916667,30.224936,73.958333,30.224936
72.916667,31.267176,73.958333,31.267176
SOLID,6
73.958333,29.182697,75.000000,29.182697
73.958333,31.267176,75.000000,31.267176
SOLID,1
75.000000,30.224936,76.041667,30.224936
75.000000,31.267176,76.041667,31.267176
SOLID,4
78.125000,30.224936,79.166667,30.224936
78.125000,31.267176,79.166667,31.267176
SOLID,2
95.833333,20.844784,96.875000,20.844784
95.833333,31.267176,96.875000,31.267176
SOLID,3
17.708333,29.182697,18.750000,29.182697
17.708333,30.224936,18.750000,30.224936
SOLID,4
19.791667,29.182697,20.833333,29.182697
19.791667,30.224936,20.833333,30.224936
SOLID,3
20.833333,27.098219,21.875000,27.098219
20.833333,30.224936,21.875000,30.224936
SOLID,7
35.416667,26.055980,36.458333,26.055980
35.416667,30.224936,36.458333,30.224936
SOLID,1
36.458333,28.140458,37.500000,28.140458
36.458333,30.224936,37.500000,30.224936
SOLID,2
41.666667,29.182697,43.750000,29.182697
41.666667,30.224936,43.750000,30.224936
SOLID,7
43.750000,29.182697,44.791667,29.182697
43.750000,30.224936,44.791667,30.224936
SOLID,2
45.833333,28.140458,51.041667,28.140458
45.833333,30.224936,51.041667,30.224936
SOLID,7
51.041667,22.929262,52.083333,22.929262
51.041667,30.224936,52.083333,30.224936
SOLID,7
53.125000,27.098219,54.166667,27.098219
53.125000,30.224936,54.166667,30.224936
SOLID,7
55.208333,29.182697,57.291667,29.182697
55.208333,30.224936,57.291667,30.224936
SOLID,4
63.541667,25.013740,64.583333,25.013740
63.541667,30.224936,64.583333,30.224936
SOLID,6
72.916667,29.182697,73.958333,29.182697
72.916667,30.224936,73.958333,30.224936
SOLID,7
75.000000,29.182697,77.083333,29.182697
75.000000,30.224936,77.083333,30.224936
SOLID,1
77.083333,29.182697,78.125000,29.182697
77.083333,30.224936,78.125000,30.224936
SOLID,3
78.125000,29.182697,79.166667,29.182697
78.125000,30.224936,79.166667,30.224936
SOLID,4
84.375000,29.182697,85.416667,29.182697
84.375000,30.224936,85.416667,30.224936
SOLID,3
85.416667,29.182697,86.458333,29.182697
85.416667,30.224936,86.458333,30.224936
SOLID,4
86.458333,29.182697,88.541667,29.182697
86.458333,30.224936,88.541667,30.224936
SOLID,3
96.875000,29.182697,97.916667,29.182697
96.875000,30.224936,97.916667,30.224936
SOLID,1
8.333333,28.140458,9.375000,28.140458
8.333333,29.182697,9.375000,29.182697
SOLID,3
9.375000,27.098219,10.416667,27.098219
9.375000,29.182697,10.416667,29.182697
SOLID,6
10.416667,28.140458,11.458333,28.140458
10.416667,29.182697,11.458333,29.182697
SOLID,1
13.541667,27.098219,14.583333,27.098219
13.541667,29.182697,14.583333,29.182697
SOLID,7
14.583333,28.140458,16.666667,28.140458
14.583333,29.182697,16.666667,29.182697
SOLID,3
16.666667,27.098219,17.708333,27.098219
16.666667,29.182697,17.708333,29.182697
SOLID,4
17.708333,28.140458,18.750000,28.140458
17.708333,29.182697,18.750000,29.182697
SOLID,3
19.791667,27.098219,20.833333,27.098219
19.791667,29.182697,20.833333,29.182697
SOLID,6
23.958333,28.140458,25.000000,28.140458
23.958333,29.182697,25.000000,29.182697
SOLID,1
26.041667,28.140458,28.125000,28.140458
26.041667,29.182697,28.125000,29.182697
SOLID,1
33.333333,28.140458,34.375000,28.140458
33.333333,29.182697,34.375000,29.182697
SOLID,1
39.583333,28.140458,40.625000,28.140458
39.583333,29.182697,40.625000,29.182697
SOLID,7
40.625000,26.055980,41.666667,26.055980
40.625000,29.182697,41.666667,29.182697
SOLID,8
41.666667,28.140458,43.750000,28.140458
41.666667,29.182697,43.750000,29.182697
SOLID,2
43.750000,26.055980,44.791667,26.055980
43.750000,29.182697,44.791667,29.182697
SOLID,1
55.208333,25.013740,56.250000,25.013740
55.208333,29.182697,56.250000,29.182697
SOLID,6
56.250000,25.013740,57.291667,25.013740
56.250000,29.182697,57.291667,29.182697
SOLID,3
57.291667,25.013740,58.333333,25.013740
57.291667,29.182697,58.333333,29.182697
SOLID,6
58.333333,28.140458,59.375000,28.140458
58.333333,29.182697,59.375000,29.182697
SOLID,3
59.375000,28.140458,63.541667,28.140458
59.375000,29.182697,63.541667,29.182697
SOLID,3
68.750000,28.140458,71.875000,28.140458
68.750000,29.182697,71.875000,29.182697
SOLID,3
72.916667,28.140458,75.000000,28.140458
72.916667,29.182697,75.000000,29.182697
SOLID,6
75.000000,27.098219,76.041667,27.098219
75.000000,29.182697,76.041667,29.182697
SOLID,1
76.041667,27.098219,77.083333,27.098219
76.041667,29.182697,77.083333,29.182697
SOLID,7
77.083333,28.140458,79.166667,28.140458
77.083333,29.182697,79.166667,29.182697
SOLID,4
79.166667,27.098219,80.208333,27.098219
79.166667,29.182697,80.208333,29.182697
SOLID,5
80.208333,28.140458,83.333333,28.140458
80.208333,29.182697,83.333333,29.182697
SOLID,6
84.375000,22.929262,85.416667,22.929262
84.375000,29.182697,85.416667,29.182697
SOLID,2
85.416667,21.887023,86.458333,21.887023
85.416667,29.182697,86.458333,29.182697
SOLID,7
86.458333,28.140458,87.500000,28.140458
86.458333,29.182697,87.500000,29.182697
SOLID,6
87.500000,27.098219,88.541667,27.098219
87.500000,29.182697,88.541667,29.182697
SOLID,7
91.666667,28.140458,92.708333,28.140458
91.666667,29.182697,92.708333,29.182697
SOLID,2
92.708333,20.844784,93.750000,20.844784
92.708333,29.182697,93.750000,29.182697
SOLID,1
93.750000,28.140458,94.791667,28.140458
93.750000,29.182697,94.791667,29.182697
SOLID,6
96.875000,23.971501,97.916667,23.971501
96.875000,29.182697,97.916667,29.182697
SOLID,7
0.000000,27.098219,1.041667,27.098219
0.000000,28.140458,1.041667,28.140458
SOLID,7
3.125000,27.098219,4.166667,27.098219
3.125000,28.140458,4.166667,28.140458
SOLID,1
4.166667,27.098219,5.208333,27.098219
4.166667,28.140458,5.208333,28.140458
SOLID,7
6.250000,27.098219,7.291667,27.098219
6.250000,28.140458,7.291667,28.140458
SOLID,7
8.333333,27.098219,9.375000,27.098219
8.333333,28.140458,9.375000,28.140458
SOLID,1
10.416667,27.098219,11.458333,27.098219
10.416667,28.140458,11.458333,28.140458
SOLID,6
12.500000,26.055980,13.541667,26.055980
12.500000,28.140458,13.541667,28.140458
SOLID,1
14.583333,27.098219,16.666667,27.098219
14.583333,28.140458,16.666667,28.140458
SOLID,3
17.708333,27.098219,18.750000,27.098219
17.708333,28.140458,18.750000,28.140458
SOLID,4
18.750000,20.844784,19.791667,20.844784
18.750000,28.140458,19.791667,28.140458
SOLID,3
21.875000,27.098219,22.916667,27.098219
21.875000,28.140458,22.916667,28.140458
SOLID,4
22.916667,26.055980,23.958333,26.055980
22.916667,28.140458,23.958333,28.140458
SOLID,3
23.958333,27.098219,25.000000,27.098219
23.958333,28.140458,25.000000,28.140458
SOLID,1
25.000000,27.098219,26.041667,27.098219
25.000000,28.140458,26.041667,28.140458
SOLID,6
26.041667,26.055980,28.125000,26.055980
26.041667,28.140458,28.125000,28.140458
SOLID,7
33.333333,27.098219,34.375000,27.098219
33.333333,28.140458,34.375000,28.140458
SOLID,7
36.458333,27.098219,37.500000,27.098219
36.458333,28.140458,37.500000,28.140458
SOLID,1
38.541667,27.098219,39.583333,27.098219
38.541667,28.140458,39.583333,28.140458
SOLID,7
39.583333,26.055980,40.625000,26.055980
39.583333,28.140458,40.625000,28.140458
SOLID,8
41.666667,27.098219,42.708333,27.098219
41.666667,28.140458,42.708333,28.140458
SOLID,2
42.708333,26.055980,43.750000,26.055980
42.708333,28.140458,43.750000,28.140458
SOLID,2
45.833333,27.098219,46.875000,27.098219
45.833333,28.140458,46.875000,28.140458
SOLID,7
46.875000,26.055980,50.000000,26.055980
46.875000,28.140458,50.000000,28.140458
SOLID,2
50.000000,27.098219,51.041667,27.098219
50.000000,28.140458,51.041667,28.140458
SOLID,3
58.333333,23.971501,59.375000,23.971501
58.333333,28.140458,59.375000,28.140458
SOLID,4
59.375000,27.098219,61.458333,27.098219
59.375000,28.140458,61.458333,28.140458
SOLID,3
61.458333,27.098219,62.500000,27.098219
61.458333,28.140458,62.500000,28.140458
SOLID,6
62.500000,27.098219,63.541667,27.098219
62.500000,28.140458,63.541667,28.140458
SOLID,4
67.708333,27.098219,73.958333,27.098219
67.708333,28.140458,73.958333,28.140458
SOLID,3
73.958333,27.098219,75.000000,27.098219
73.958333,28.140458,75.000000,28.140458
SOLID,6
77.083333,27.098219,78.125000,27.098219
77.083333,28.140458,78.125000,28.140458
SOLID,7
78.125000,27.098219,79.166667,27.098219
78.125000,28.140458,79.166667,28.140458
SOLID,4
80.208333,27.098219,81.250000,27.098219
80.208333,28.140458,81.250000,28.140458
SOLID,5
81.250000,27.098219,83.333333,27.098219
81.250000,28.140458,83.333333,28.140458
SOLID,1
86.458333,27.098219,87.500000,27.098219
86.458333,28.140458,87.500000,28.140458
SOLID,1
88.541667,27.098219,89.583333,27.098219
88.541667,28.140458,89.583333,28.140458
SOLID,3
90.625000,27.098219,91.666667,27.098219
90.625000,28.140458,91.666667,28.140458
SOLID,1
91.666667,23.971501,92.708333,23.971501
91.666667,28.140458,92.708333,28.140458
SOLID,6
93.750000,27.098219,95.833333,27.098219
93.750000,28.140458,95.833333,28.140458
SOLID,1
0.000000,26.055980,2.083333,26.055980
0.000000,27.098219,2.083333,27.098219
SOLID,6
2.083333,26.055980,8.333333,26.055980
2.083333,27.098219,8.333333,27.098219
SOLID,4
8.333333,26.055980,9.375000,26.055980
8.333333,27.098219,9.375000,27.098219
SOLID,5
9.375000,26.055980,10.416667,26.055980
9.375000,27.098219,10.416667,27.098219
SOLID,3
10.416667,26.055980,11.458333,26.055980
10.416667,27.098219,11.458333,27.098219
SOLID,6
11.458333,26.055980,12.500000,26.055980
11.458333,27.098219,12.500000,27.098219
SOLID,3
13.541667,25.013740,14.583333,25.013740
13.541667,27.098219,14.583333,27.098219
SOLID,6
14.583333,26.055980,16.666667,26.055980
14.583333,27.098219,16.666667,27.098219
SOLID,4
16.666667,19.802544,18.750000,19.802544
16.666667,27.098219,18.750000,27.098219
SOLID,4
19.791667,20.844784,22.916667,20.844784
19.791667,27.098219,22.916667,27.098219
SOLID,6
23.958333,23.971501,25.000000,23.971501
23.958333,27.098219,25.000000,27.098219
SOLID,7
25.000000,20.844784,26.041667,20.844784
25.000000,27.098219,26.041667,27.098219
SOLID,1
30.208333,25.013740,34.375000,25.013740
30.208333,27.098219,34.375000,27.098219
SOLID,1
36.458333,26.055980,38.541667,26.055980
36.458333,27.098219,38.541667,27.098219
SOLID,6
38.541667,22.929262,39.583333,22.929262
38.541667,27.098219,39.583333,27.098219
SOLID,7
41.666667,26.055980,42.708333,26.055980
41.666667,27.098219,42.708333,27.098219
SOLID,8
44.791667,26.055980,46.875000,26.055980
44.791667,27.098219,46.875000,27.098219
SOLID,7
50.000000,26.055980,51.041667,26.055980
50.000000,27.098219,51.041667,27.098219
SOLID,1
52.083333,23.971501,53.125000,23.971501
52.083333,27.098219,53.125000,27.098219
SOLID,8
53.125000,26.055980,54.166667,26.055980
53.125000,27.098219,54.166667,27.098219
SOLID,5
59.375000,25.013740,61.458333,25.013740
59.375000,27.098219,61.458333,27.098219
SOLID,4
61.458333,26.055980,62.500000,26.055980
61.458333,27.098219,62.500000,27.098219
SOLID,3
62.500000,26.055980,63.541667,26.055980
62.500000,27.098219,63.541667,27.098219
SOLID,3
65.625000,26.055980,66.666667,26.055980
65.625000,27.098219,66.666667,27.098219
SOLID,4
66.666667,26.055980,67.708333,26.055980
66.666667,27.098219,67.708333,27.098219
SOLID,5
67.708333,23.971501,69.791667,23.971501
67.708333,27.098219,69.791667,27.098219
SOLID,4
69.791667,26.055980,75.000000,26.055980
69.791667,27.098219,75.000000,27.098219
SOLID,3
75.000000,26.055980,76.041667,26.055980
75.000000,27.098219,76.041667,27.098219
SOLID,6
76.041667,26.055980,77.083333,26.055980
76.041667,27.098219,77.083333,27.098219
SOLID,3
77.083333,26.055980,82.291667,26.055980
77.083333,27.098219,82.291667,27.098219
SOLID,4
82.291667,25.013740,83.333333,25.013740
82.291667,27.098219,83.333333,27.098219
SOLID,7
86.458333,11.464631,87.500000,11.464631
86.458333,27.098219,87.500000,27.098219
SOLID,1
87.500000,26.055980,88.541667,26.055980
87.500000,27.098219,88.541667,27.098219
SOLID,7
88.541667,26.055980,89.583333,26.055980
88.541667,27.098219,89.583333,27.098219
SOLID,2
89.583333,26.055980,90.625000,26.055980
89.583333,27.098219,90.625000,27.098219
SOLID,1
90.625000,26.055980,91.666667,26.055980
90.625000,27.098219,91.666667,27.098219
SOLID,6
93.750000,23.971501,94.791667,23.971501
93.750000,27.098219,94.791667,27.098219
SOLID,1
94.791667,25.013740,95.833333,25.013740
94.791667,27.098219,95.833333,27.098219
SOLID,6
0.000000,25.013740,2.083333,25.013740
0.000000,26.055980,2.083333,26.055980
SOLID,4
2.083333,22.929262,8.333333,22.929262
2.083333,26.055980,8.333333,26.055980
SOLID,5
8.333333,25.013740,9.375000,25.013740
8.333333,26.055980,9.375000,26.055980
SOLID,4
9.375000,25.013740,13.541667,25.013740
9.375000,26.055980,13.541667,26.055980
SOLID,4
14.583333,21.887023,16.666667,21.887023
14.583333,26.055980,16.666667,26.055980
SOLID,3
22.916667,23.971501,23.958333,23.971501
22.916667,26.055980,23.958333,26.055980
SOLID,6
26.041667,25.013740,27.083333,25.013740
26.041667,26.055980,27.083333,26.055980
SOLID,3
27.083333,25.013740,28.125000,25.013740
27.083333,26.055980,28.125000,26.055980
SOLID,6
34.375000,25.013740,38.541667,25.013740
34.375000,26.055980,38.541667,26.055980
SOLID,1
39.583333,25.013740,41.666667,25.013740
39.583333,26.055980,41.666667,26.055980
SOLID,6
41.666667,25.013740,42.708333,25.013740
41.666667,26.055980,42.708333,26.055980
SOLID,7
42.708333,25.013740,44.791667,25.013740
42.708333,26.055980,44.791667,26.055980
SOLID,2
44.791667,23.971501,45.833333,23.971501
44.791667,26.055980,45.833333,26.055980
SOLID,8
45.833333,22.929262,46.875000,22.929262
45.833333,26.055980,46.875000,26.055980
SOLID,2
46.875000,23.971501,51.041667,23.971501
46.875000,26.055980,51.041667,26.055980
SOLID,7
53.125000,25.013740,54.166667,25.013740
53.125000,26.055980,54.166667,26.055980
SOLID,2
54.166667,25.013740,55.208333,25.013740
54.166667,26.055980,55.208333,26.055980
SOLID,5
61.458333,21.887023,62.500000,21.887023
61.458333,26.055980,62.500000,26.055980
SOLID,4
62.500000,25.013740,63.541667,25.013740
62.500000,26.055980,63.541667,26.055980
SOLID,5
64.583333,22.929262,67.708333,22.929262
64.583333,26.055980,67.708333,26.055980
SOLID,5
69.791667,22.929262,70.833333,22.929262
69.791667,26.055980,70.833333,26.055980
SOLID,4
70.833333,25.013740,76.041667,25.013740
70.833333,26.055980,76.041667,26.055980
SOLID,3
76.041667,25.013740,77.083333,25.013740
76.041667,26.055980,77.083333,26.055980
SOLID,6
77.083333,25.013740,78.125000,25.013740
77.083333,26.055980,78.125000,26.055980
SOLID,3
78.125000,25.013740,81.250000,25.013740
78.125000,26.055980,81.250000,26.055980
SOLID,6
81.250000,25.013740,82.291667,25.013740
81.250000,26.055980,82.291667,26.055980
SOLID,6
87.500000,23.971501,88.541667,23.971501
87.500000,26.055980,88.541667,26.055980
SOLID,1
88.541667,25.013740,89.583333,25.013740
88.541667,26.055980,89.583333,26.055980
SOLID,7
89.583333,25.013740,90.625000,25.013740
89.583333,26.055980,90.625000,26.055980
SOLID,6
90.625000,23.971501,91.666667,23.971501
90.625000,26.055980,91.666667,26.055980
SOLID,2
98.958333,25.013740,100.000000,25.013740
98.958333,26.055980,100.000000,26.055980
SOLID,6
0.000000,23.971501,1.041667,23.971501
0.000000,25.013740,1.041667,25.013740
SOLID,3
1.041667,23.971501,2.083333,23.971501
1.041667,25.013740,2.083333,25.013740
SOLID,4
8.333333,18.760305,9.375000,18.760305
8.333333,25.013740,9.375000,25.013740
SOLID,3
9.375000,21.887023,12.500000,21.887023
9.375000,25.013740,12.500000,25.013740
SOLID,4
12.500000,22.929262,14.583333,22.929262
12.500000,25.013740,14.583333,25.013740
SOLID,1
26.041667,23.971501,27.083333,23.971501
26.041667,25.013740,27.083333,25.013740
SOLID,6
27.083333,23.971501,28.125000,23.971501
27.083333,25.013740,28.125000,25.013740
SOLID,6
30.208333,23.971501,31.250000,23.971501
30.208333,25.013740,31.250000,25.013740
SOLID,1
31.250000,23.971501,32.291667,23.971501
31.250000,25.013740,32.291667,25.013740
SOLID,6
32.291667,23.971501,33.333333,23.971501
32.291667,25.013740,33.333333,25.013740
SOLID,3
33.333333,23.971501,34.375000,23.971501
33.333333,25.013740,34.375000,25.013740
SOLID,4
34.375000,17.718066,35.416667,17.718066
34.375000,25.013740,35.416667,25.013740
SOLID,3
35.416667,21.887023,36.458333,21.887023
35.416667,25.013740,36.458333,25.013740
SOLID,4
36.458333,23.971501,37.500000,23.971501
36.458333,25.013740,37.500000,25.013740
SOLID,6
37.500000,23.971501,38.541667,23.971501
37.500000,25.013740,38.541667,25.013740
SOLID,6
39.583333,22.929262,40.625000,22.929262
39.583333,25.013740,40.625000,25.013740
SOLID,3
40.625000,23.971501,42.708333,23.971501
40.625000,25.013740,42.708333,25.013740
SOLID,6
42.708333,23.971501,44.791667,23.971501
42.708333,25.013740,44.791667,25.013740
SOLID,1
53.125000,23.971501,55.208333,23.971501
53.125000,25.013740,55.208333,25.013740
SOLID,6
55.208333,22.929262,56.250000,22.929262
55.208333,25.013740,56.250000,25.013740
SOLID,3
56.250000,23.971501,57.291667,23.971501
56.250000,25.013740,57.291667,25.013740
SOLID,6
57.291667,23.971501,58.333333,23.971501
57.291667,25.013740,58.333333,25.013740
SOLID,4
59.375000,23.971501,60.416667,23.971501
59.375000,25.013740,60.416667,25.013740
SOLID,5
60.416667,21.887023,61.458333,21.887023
60.416667,25.013740,61.458333,25.013740
SOLID,5
62.500000,22.929262,63.541667,22.929262
62.500000,25.013740,63.541667,25.013740
SOLID,3
63.541667,23.971501,64.583333,23.971501
63.541667,25.013740,64.583333,25.013740
SOLID,5
70.833333,23.971501,77.083333,23.971501
70.833333,25.013740,77.083333,25.013740
SOLID,4
77.083333,22.929262,78.125000,22.929262
77.083333,25.013740,78.125000,25.013740
SOLID,5
78.125000,22.929262,81.250000,22.929262
78.125000,25.013740,81.250000,25.013740
SOLID,4
81.250000,23.971501,82.291667,23.971501
81.250000,25.013740,82.291667,25.013740
SOLID,5
82.291667,9.380153,83.333333,9.380153
82.291667,25.013740,83.333333,25.013740
SOLID,7
88.541667,22.929262,89.583333,22.929262
88.541667,25.013740,89.583333,25.013740
SOLID,2
89.583333,20.844784,90.625000,20.844784
89.583333,25.013740,90.625000,25.013740
SOLID,6
94.791667,23.971501,95.833333,23.971501
94.791667,25.013740,95.833333,25.013740
SOLID,7
98.958333,23.971501,100.000000,23.971501
98.958333,25.013740,100.000000,25.013740
SOLID,1
0.000000,22.929262,1.041667,22.929262
0.000000,23.971501,1.041667,23.971501
SOLID,6
1.041667,22.929262,2.083333,22.929262
1.041667,23.971501,2.083333,23.971501
SOLID,6
22.916667,21.887023,23.958333,21.887023
22.916667,23.971501,23.958333,23.971501
SOLID,1
23.958333,21.887023,25.000000,21.887023
23.958333,23.971501,25.000000,23.971501
SOLID,7
26.041667,20.844784,27.083333,20.844784
26.041667,23.971501,27.083333,23.971501
SOLID,1
27.083333,22.929262,28.125000,22.929262
27.083333,23.971501,28.125000,23.971501
SOLID,4
30.208333,18.760305,31.250000,18.760305
30.208333,23.971501,31.250000,23.971501
SOLID,3
31.250000,22.929262,32.291667,22.929262
31.250000,23.971501,32.291667,23.971501
SOLID,4
32.291667,22.929262,34.375000,22.929262
32.291667,23.971501,34.375000,23.971501
SOLID,3
36.458333,17.718066,38.541667,17.718066
36.458333,23.971501,38.541667,23.971501
SOLID,4
40.625000,14.591349,41.666667,14.591349
40.625000,23.971501,41.666667,23.971501
SOLID,3
41.666667,22.929262,43.750000,22.929262
41.666667,23.971501,43.750000,23.971501
SOLID,6
43.750000,19.802544,44.791667,19.802544
43.750000,23.971501,44.791667,23.971501
SOLID,7
44.791667,22.929262,45.833333,22.929262
44.791667,23.971501,45.833333,23.971501
SOLID,7
46.875000,22.929262,47.916667,22.929262
46.875000,23.971501,47.916667,23.971501
SOLID,2
47.916667,22.929262,48.958333,22.929262
47.916667,23.971501,48.958333,23.971501
SOLID,7
48.958333,22.929262,51.041667,22.929262
48.958333,23.971501,51.041667,23.971501
SOLID,7
52.083333,22.929262,54.166667,22.929262
52.083333,23.971501,54.166667,23.971501
SOLID,1
54.166667,22.929262,55.208333,22.929262
54.166667,23.971501,55.208333,23.971501
SOLID,1
56.250000,22.929262,58.333333,22.929262
56.250000,23.971501,58.333333,23.971501
SOLID,4
58.333333,22.929262,59.375000,22.929262
58.333333,23.971501,59.375000,23.971501
SOLID,5
59.375000,20.844784,60.416667,20.844784
59.375000,23.971501,60.416667,23.971501
SOLID,5
63.541667,21.887023,64.583333,21.887023
63.541667,23.971501,64.583333,23.971501
SOLID,5
67.708333,22.929262,68.750000,22.929262
67.708333,23.971501,68.750000,23.971501
SOLID,4
68.750000,22.929262,69.791667,22.929262
68.750000,23.971501,69.791667,23.971501
SOLID,5
70.833333,22.929262,72.916667,22.929262
70.833333,23.971501,72.916667,23.971501
SOLID,3
72.916667,22.929262,75.000000,22.929262
72.916667,23.971501,75.000000,23.971501
SOLID,6
75.000000,19.802544,76.041667,19.802544
75.000000,23.971501,76.041667,23.971501
SOLID,5
76.041667,22.929262,77.083333,22.929262
76.041667,23.971501,77.083333,23.971501
SOLID,5
81.250000,19.802544,82.291667,19.802544
81.250000,23.971501,82.291667,23.971501
SOLID,1
87.500000,22.929262,88.541667,22.929262
87.500000,23.971501,88.541667,23.971501
SOLID,1
90.625000,22.929262,91.666667,22.929262
90.625000,23.971501,91.666667,23.971501
SOLID,7
91.666667,22.929262,92.708333,22.929262
91.666667,23.971501,92.708333,23.971501
SOLID,7
93.750000,22.929262,95.833333,22.929262
93.750000,23.971501,95.833333,23.971501
SOLID,1
96.875000,22.929262,97.916667,22.929262
96.875000,23.971501,97.916667,23.971501
SOLID,2
98.958333,22.929262,100.000000,22.929262
98.958333,23.971501,100.000000,23.971501
SOLID,6
0.000000,21.887023,1.041667,21.887023
0.000000,22.929262,1.041667,22.929262
SOLID,3
1.041667,21.887023,2.083333,21.887023
1.041667,22.929262,2.083333,22.929262
SOLID,4
2.083333,21.887023,3.125000,21.887023
2.083333,22.929262,3.125000,22.929262
SOLID,3
3.125000,21.887023,5.208333,21.887023
3.125000,22.929262,5.208333,22.929262
SOLID,4
5.208333,21.887023,7.291667,21.887023
5.208333,22.929262,7.291667,22.929262
SOLID,3
7.291667,20.844784,8.333333,20.844784
7.291667,22.929262,8.333333,22.929262
SOLID,5
12.500000,21.887023,13.541667,21.887023
12.500000,22.929262,13.541667,22.929262
SOLID,4
13.541667,20.844784,14.583333,20.844784
13.541667,22.929262,14.583333,22.929262
SOLID,3
27.083333,21.887023,29.166667,21.887023
27.083333,22.929262,29.166667,22.929262
SOLID,4
31.250000,19.802544,33.333333,19.802544
31.250000,22.929262,33.333333,22.929262
SOLID,5
33.333333,17.718066,34.375000,17.718066
33.333333,22.929262,34.375000,22.929262
SOLID,3
38.541667,19.802544,40.625000,19.802544
38.541667,22.929262,40.625000,22.929262
SOLID,3
41.666667,18.760305,42.708333,18.760305
41.666667,22.929262,42.708333,22.929262
SOLID,6
42.708333,21.887023,43.750000,21.887023
42.708333,22.929262,43.750000,22.929262
SOLID,6
44.791667,18.760305,45.833333,18.760305
44.791667,22.929262,45.833333,22.929262
SOLID,7
45.833333,21.887023,46.875000,21.887023
45.833333,22.929262,46.875000,22.929262
SOLID,6
46.875000,20.844784,47.916667,20.844784
46.875000,22.929262,47.916667,22.929262
SOLID,1
47.916667,21.887023,48.958333,21.887023
47.916667,22.929262,48.958333,22.929262
SOLID,7
48.958333,21.887023,50.000000,21.887023
48.958333,22.929262,50.000000,22.929262
SOLID,1
50.000000,18.760305,52.083333,18.760305
50.000000,22.929262,52.083333,22.929262
SOLID,7
52.083333,21.887023,53.125000,21.887023
52.083333,22.929262,53.125000,22.929262
SOLID,1
53.125000,18.760305,54.166667,18.760305
53.125000,22.929262,54.166667,22.929262
SOLID,6
54.166667,18.760305,55.208333,18.760305
54.166667,22.929262,55.208333,22.929262
SOLID,1
55.208333,21.887023,57.291667,21.887023
55.208333,22.929262,57.291667,22.929262
SOLID,6
57.291667,19.802544,58.333333,19.802544
57.291667,22.929262,58.333333,22.929262
SOLID,5
58.333333,20.844784,59.375000,20.844784
58.333333,22.929262,59.375000,22.929262
SOLID,4
62.500000,21.887023,63.541667,21.887023
62.500000,22.929262,63.541667,22.929262
SOLID,5
64.583333,21.887023,66.666667,21.887023
64.583333,22.929262,66.666667,22.929262
SOLID,3
66.666667,21.887023,68.750000,21.887023
66.666667,22.929262,68.750000,22.929262
SOLID,6
68.750000,20.844784,71.875000,20.844784
68.750000,22.929262,71.875000,22.929262
SOLID,7
71.875000,21.887023,73.958333,21.887023
71.875000,22.929262,73.958333,22.929262
SOLID,6
73.958333,20.844784,75.000000,20.844784
73.958333,22.929262,75.000000,22.929262
SOLID,6
76.041667,21.887023,78.125000,21.887023
76.041667,22.929262,78.125000,22.929262
SOLID,4
78.125000,21.887023,80.208333,21.887023
78.125000,22.929262,80.208333,22.929262
SOLID,3
80.208333,21.887023,81.250000,21.887023
80.208333,22.929262,81.250000,22.929262
SOLID,6
83.333333,21.887023,84.375000,21.887023
83.333333,22.929262,84.375000,22.929262
SOLID,1
84.375000,20.844784,85.416667,20.844784
84.375000,22.929262,85.416667,22.929262
SOLID,6
87.500000,17.718066,88.541667,17.718066
87.500000,22.929262,88.541667,22.929262
SOLID,1
88.541667,21.887023,89.583333,21.887023
88.541667,22.929262,89.583333,22.929262
SOLID,6
90.625000,17.718066,91.666667,17.718066
90.625000,22.929262,91.666667,22.929262
SOLID,1
91.666667,21.887023,92.708333,21.887023
91.666667,22.929262,92.708333,22.929262
SOLID,1
93.750000,21.887023,95.833333,21.887023
93.750000,22.929262,95.833333,22.929262
SOLID,6
96.875000,20.844784,97.916667,20.844784
96.875000,22.929262,97.916667,22.929262
SOLID,7
98.958333,12.506870,100.000000,12.506870
98.958333,22.929262,100.000000,22.929262
SOLID,1
0.000000,20.844784,1.041667,20.844784
0.000000,21.887023,1.041667,21.887023
SOLID,6
1.041667,20.844784,2.083333,20.844784
1.041667,21.887023,2.083333,21.887023
SOLID,3
2.083333,20.844784,4.166667,20.844784
2.083333,21.887023,4.166667,21.887023
SOLID,4
4.166667,20.844784,6.250000,20.844784
4.166667,21.887023,6.250000,21.887023
SOLID,3
6.250000,20.844784,7.291667,20.844784
6.250000,21.887023,7.291667,21.887023
SOLID,4
9.375000,19.802544,11.458333,19.802544
9.375000,21.887023,11.458333,21.887023
SOLID,3
11.458333,19.802544,12.500000,19.802544
11.458333,21.887023,12.500000,21.887023
SOLID,6
12.500000,20.844784,13.541667,20.844784
12.500000,21.887023,13.541667,21.887023
SOLID,5
14.583333,20.844784,15.625000,20.844784
14.583333,21.887023,15.625000,21.887023
SOLID,4
15.625000,18.760305,16.666667,18.760305
15.625000,21.887023,16.666667,21.887023
SOLID,3
22.916667,20.844784,23.958333,20.844784
22.916667,21.887023,23.958333,21.887023
SOLID,7
23.958333,20.844784,25.000000,20.844784
23.958333,21.887023,25.000000,21.887023
SOLID,4
27.083333,19.802544,29.166667,19.802544
27.083333,21.887023,29.166667,21.887023
SOLID,4
35.416667,20.844784,36.458333,20.844784
35.416667,21.887023,36.458333,21.887023
SOLID,3
42.708333,20.844784,43.750000,20.844784
42.708333,21.887023,43.750000,21.887023
SOLID,6
45.833333,20.844784,46.875000,20.844784
45.833333,21.887023,46.875000,21.887023
SOLID,3
47.916667,19.802544,48.958333,19.802544
47.916667,21.887023,48.958333,21.887023
SOLID,6
48.958333,18.760305,50.000000,18.760305
48.958333,21.887023,50.000000,21.887023
SOLID,1
52.083333,18.760305,53.125000,18.760305
52.083333,21.887023,53.125000,21.887023
SOLID,6
55.208333,19.802544,57.291667,19.802544
55.208333,21.887023,57.291667,21.887023
SOLID,3
60.416667,20.844784,61.458333,20.844784
60.416667,21.887023,61.458333,21.887023
SOLID,6
61.458333,20.844784,63.541667,20.844784
61.458333,21.887023,63.541667,21.887023
SOLID,1
63.541667,20.844784,64.583333,20.844784
63.541667,21.887023,64.583333,21.887023
SOLID,7
64.583333,20.844784,65.625000,20.844784
64.583333,21.887023,65.625000,21.887023
SOLID,1
65.625000,20.844784,66.666667,20.844784
65.625000,21.887023,66.666667,21.887023
SOLID,6
66.666667,20.844784,67.708333,20.844784
66.666667,21.887023,67.708333,21.887023
SOLID,3
67.708333,12.506870,68.750000,12.506870
67.708333,21.887023,68.750000,21.887023
SOLID,1
71.875000,20.844784,73.958333,20.844784
71.875000,21.887023,73.958333,21.887023
SOLID,6
76.041667,19.802544,77.083333,19.802544
76.041667,21.887023,77.083333,21.887023
SOLID,3
77.083333,20.844784,78.125000,20.844784
77.083333,21.887023,78.125000,21.887023
SOLID,5
78.125000,20.844784,81.250000,20.844784
78.125000,21.887023,81.250000,21.887023
SOLID,2
83.333333,19.802544,84.375000,19.802544
83.333333,21.887023,84.375000,21.887023
SOLID,7
85.416667,19.802544,86.458333,19.802544
85.416667,21.887023,86.458333,21.887023
SOLID,7
88.541667,20.844784,89.583333,20.844784
88.541667,21.887023,89.583333,21.887023
SOLID,7
91.666667,19.802544,92.708333,19.802544
91.666667,21.887023,92.708333,21.887023
SOLID,1
93.750000,19.802544,94.791667,19.802544
93.750000,21.887023,94.791667,21.887023
SOLID,7
94.791667,11.464631,95.833333,11.464631
94.791667,21.887023,95.833333,21.887023
SOLID,6
0.000000,19.802544,1.041667,19.802544
0.000000,20.844784,1.041667,20.844784
SOLID,3
1.041667,19.802544,2.083333,19.802544
1.041667,20.844784,2.083333,20.844784
SOLID,4
2.083333,18.760305,3.125000,18.760305
2.083333,20.844784,3.125000,20.844784
SOLID,3
3.125000,19.802544,4.166667,19.802544
3.125000,20.844784,4.166667,20.844784
SOLID,4
4.166667,18.760305,5.208333,18.760305
4.166667,20.844784,5.208333,20.844784
SOLID,3
5.208333,19.802544,6.250000,19.802544
5.208333,20.844784,6.250000,20.844784
SOLID,4
6.250000,19.802544,8.333333,19.802544
6.250000,20.844784,8.333333,20.844784
SOLID,1
12.500000,19.802544,13.541667,19.802544
12.500000,20.844784,13.541667,20.844784
SOLID,6
13.541667,19.802544,14.583333,19.802544
13.541667,20.844784,14.583333,20.844784
SOLID,4
14.583333,18.760305,15.625000,18.760305
14.583333,20.844784,15.625000,20.844784
SOLID,5
18.750000,19.802544,21.875000,19.802544
18.750000,20.844784,21.875000,20.844784
SOLID,4
21.875000,16.675827,23.958333,16.675827
21.875000,20.844784,23.958333,20.844784
SOLID,3
23.958333,19.802544,27.083333,19.802544
23.958333,20.844784,27.083333,20.844784
SOLID,3
35.416667,19.802544,36.458333,19.802544
35.416667,20.844784,36.458333,20.844784
SOLID,6
42.708333,19.802544,43.750000,19.802544
42.708333,20.844784,43.750000,20.844784
SOLID,4
45.833333,19.802544,46.875000,19.802544
45.833333,20.844784,46.875000,20.844784
SOLID,3
46.875000,18.760305,47.916667,18.760305
46.875000,20.844784,47.916667,20.844784
SOLID,3
58.333333,19.802544,59.375000,19.802544
58.333333,20.844784,59.375000,20.844784
SOLID,6
59.375000,19.802544,61.458333,19.802544
59.375000,20.844784,61.458333,20.844784
SOLID,7
61.458333,19.802544,62.500000,19.802544
61.458333,20.844784,62.500000,20.844784
SOLID,1
62.500000,19.802544,63.541667,19.802544
62.500000,20.844784,63.541667,20.844784
SOLID,6
63.541667,19.802544,65.625000,19.802544
63.541667,20.844784,65.625000,20.844784
SOLID,4
65.625000,19.802544,66.666667,19.802544
65.625000,20.844784,66.666667,20.844784
SOLID,3
66.666667,14.591349,67.708333,14.591349
66.666667,20.844784,67.708333,20.844784
SOLID,6
68.750000,18.760305,69.791667,18.760305
68.750000,20.844784,69.791667,20.844784
SOLID,3
69.791667,15.633588,70.833333,15.633588
69.791667,20.844784,70.833333,20.844784
SOLID,6
70.833333,18.760305,71.875000,18.760305
70.833333,20.844784,71.875000,20.844784
SOLID,3
71.875000,16.675827,72.916667,16.675827
71.875000,20.844784,72.916667,20.844784
SOLID,1
72.916667,19.802544,75.000000,19.802544
72.916667,20.844784,75.000000,20.844784
SOLID,6
77.083333,16.675827,78.125000,16.675827
77.083333,20.844784,78.125000,20.844784
SOLID,3
78.125000,19.802544,79.166667,19.802544
78.125000,20.844784,79.166667,20.844784
SOLID,6
79.166667,19.802544,80.208333,19.802544
79.166667,20.844784,80.208333,20.844784
SOLID,3
80.208333,19.802544,81.250000,19.802544
80.208333,20.844784,81.250000,20.844784
SOLID,6
84.375000,19.802544,85.416667,19.802544
84.375000,20.844784,85.416667,20.844784
SOLID,1
88.541667,19.802544,89.583333,19.802544
88.541667,20.844784,89.583333,20.844784
SOLID,7
89.583333,19.802544,90.625000,19.802544
89.583333,20.844784,90.625000,20.844784
SOLID,7
92.708333,18.760305,93.750000,18.760305
92.708333,20.844784,93.750000,20.844784
SOLID,7
95.833333,18.760305,96.875000,18.760305
95.833333,20.844784,96.875000,20.844784
SOLID,1
96.875000,17.718066,97.916667,17.718066
96.875000,20.844784,97.916667,20.844784
SOLID,2
97.916667,10.422392,98.958333,10.422392
97.916667,20.844784,98.958333,20.844784
SOLID,1
0.000000,17.718066,1.041667,17.718066
0.000000,19.802544,1.041667,19.802544
SOLID,4
1.041667,14.591349,2.083333,14.591349
1.041667,19.802544,2.083333,19.802544
SOLID,4
3.125000,18.760305,4.166667,18.760305
3.125000,19.802544,4.166667,19.802544
SOLID,4
5.208333,18.760305,6.250000,18.760305
5.208333,19.802544,6.250000,19.802544
SOLID,5
6.250000,18.760305,7.291667,18.760305
6.250000,19.802544,7.291667,19.802544
SOLID,4
7.291667,18.760305,8.333333,18.760305
7.291667,19.802544,8.333333,19.802544
SOLID,4
9.375000,15.633588,10.416667,15.633588
9.375000,19.802544,10.416667,19.802544
SOLID,5
10.416667,17.718066,11.458333,17.718066
10.416667,19.802544,11.458333,19.802544
SOLID,4
11.458333,18.760305,14.583333,18.760305
11.458333,19.802544,14.583333,19.802544
SOLID,3
16.666667,16.675827,17.708333,16.675827
16.666667,19.802544,17.708333,19.802544
SOLID,4
17.708333,17.718066,21.875000,17.718066
17.708333,19.802544,21.875000,19.802544
SOLID,4
23.958333,18.760305,26.041667,18.760305
23.958333,19.802544,26.041667,19.802544
SOLID,3
26.041667,18.760305,27.083333,18.760305
26.041667,19.802544,27.083333,19.802544
SOLID,6
27.083333,16.675827,28.125000,16.675827
27.083333,19.802544,28.125000,19.802544
SOLID,3
28.125000,18.760305,30.208333,18.760305
28.125000,19.802544,30.208333,19.802544
SOLID,3
31.250000,18.760305,33.333333,18.760305
31.250000,19.802544,33.333333,19.802544
SOLID,4
35.416667,17.718066,36.458333,17.718066
35.416667,19.802544,36.458333,19.802544
SOLID,3
38.541667,18.760305,39.583333,18.760305
38.541667,19.802544,39.583333,19.802544
SOLID,4
39.583333,16.675827,40.625000,16.675827
39.583333,19.802544,40.625000,19.802544
SOLID,3
42.708333,18.760305,44.791667,18.760305
42.708333,19.802544,44.791667,19.802544
SOLID,3
45.833333,18.760305,46.875000,18.760305
45.833333,19.802544,46.875000,19.802544
SOLID,4
47.916667,17.718066,48.958333,17.718066
47.916667,19.802544,48.958333,19.802544
SOLID,6
55.208333,18.760305,56.250000,18.760305
55.208333,19.802544,56.250000,19.802544
SOLID,3
56.250000,16.675827,57.291667,16.675827
56.250000,19.802544,57.291667,19.802544
SOLID,1
57.291667,18.760305,58.333333,18.760305
57.291667,19.802544,58.333333,19.802544
SOLID,6
58.333333,18.760305,60.416667,18.760305
58.333333,19.802544,60.416667,19.802544
SOLID,1
60.416667,18.760305,61.458333,18.760305
60.416667,19.802544,61.458333,19.802544
SOLID,6
61.458333,18.760305,64.583333,18.760305
61.458333,19.802544,64.583333,19.802544
SOLID,4
64.583333,18.760305,65.625000,18.760305
64.583333,19.802544,65.625000,19.802544
SOLID,3
65.625000,18.760305,66.666667,18.760305
65.625000,19.802544,66.666667,19.802544
SOLID,6
72.916667,17.718066,73.958333,17.718066
72.916667,19.802544,73.958333,19.802544
SOLID,1
73.958333,18.760305,77.083333,18.760305
73.958333,19.802544,77.083333,19.802544
SOLID,6
78.125000,17.718066,79.166667,17.718066
78.125000,19.802544,79.166667,19.802544
SOLID,1
79.166667,17.718066,80.208333,17.718066
79.166667,19.802544,80.208333,19.802544
SOLID,6
80.208333,18.760305,81.250000,18.760305
80.208333,19.802544,81.250000,19.802544
SOLID,4
81.250000,18.760305,82.291667,18.760305
81.250000,19.802544,82.291667,19.802544
SOLID,8
83.333333,15.633588,84.375000,15.633588
83.333333,19.802544,84.375000,19.802544
SOLID,1
84.375000,18.760305,85.416667,18.760305
84.375000,19.802544,85.416667,19.802544
SOLID,2
85.416667,18.760305,86.458333,18.760305
85.416667,19.802544,86.458333,19.802544
SOLID,7
88.541667,15.633588,89.583333,15.633588
88.541667,19.802544,89.583333,19.802544
SOLID,2
89.583333,14.591349,90.625000,14.591349
89.583333,19.802544,90.625000,19.802544
SOLID,1
91.666667,18.760305,92.708333,18.760305
91.666667,19.802544,92.708333,19.802544
SOLID,6
93.750000,18.760305,94.791667,18.760305
93.750000,19.802544,94.791667,19.802544
SOLID,6
2.083333,17.718066,3.125000,17.718066
2.083333,18.760305,3.125000,18.760305
SOLID,1
3.125000,16.675827,4.166667,16.675827
3.125000,18.760305,4.166667,18.760305
SOLID,6
4.166667,17.718066,7.291667,17.718066
4.166667,18.760305,7.291667,18.760305
SOLID,3
7.291667,17.718066,9.375000,17.718066
7.291667,18.760305,9.375000,18.760305
SOLID,6
11.458333,17.718066,12.500000,17.718066
11.458333,18.760305,12.500000,18.760305
SOLID,3
12.500000,17.718066,16.666667,17.718066
12.500000,18.760305,16.666667,18.760305
SOLID,4
23.958333,17.718066,25.000000,17.718066
23.958333,18.760305,25.000000,18.760305
SOLID,6
25.000000,17.718066,27.083333,17.718066
25.000000,18.760305,27.083333,18.760305
SOLID,7
28.125000,17.718066,32.291667,17.718066
28.125000,18.760305,32.291667,18.760305
SOLID,6
32.291667,15.633588,33.333333,15.633588
32.291667,18.760305,33.333333,18.760305
SOLID,4
38.541667,17.718066,39.583333,17.718066
38.541667,18.760305,39.583333,18.760305
SOLID,4
41.666667,17.718066,47.916667,17.718066
41.666667,18.760305,47.916667,18.760305
SOLID,3
48.958333,17.718066,51.041667,17.718066
48.958333,18.760305,51.041667,18.760305
SOLID,6
51.041667,17.718066,53.125000,17.718066
51.041667,18.760305,53.125000,18.760305
SOLID,3
53.125000,17.718066,56.250000,17.718066
53.125000,18.760305,56.250000,18.760305
SOLID,3
57.291667,16.675827,58.333333,16.675827
57.291667,18.760305,58.333333,18.760305
SOLID,6
58.333333,16.675827,59.375000,16.675827
58.333333,18.760305,59.375000,18.760305
SOLID,3
59.375000,17.718066,61.458333,17.718066
59.375000,18.760305,61.458333,18.760305
SOLID,6
61.458333,14.591349,62.500000,14.591349
61.458333,18.760305,62.500000,18.760305
SOLID,1
62.500000,16.675827,63.541667,16.675827
62.500000,18.760305,63.541667,18.760305
SOLID,6
63.541667,16.675827,64.583333,16.675827
63.541667,18.760305,64.583333,18.760305
SOLID,3
64.583333,16.675827,65.625000,16.675827
64.583333,18.760305,65.625000,18.760305
SOLID,4
65.625000,13.549109,66.666667,13.549109
65.625000,18.760305,66.666667,18.760305
SOLID,3
68.750000,17.718066,69.791667,17.718066
68.750000,18.760305,69.791667,18.760305
SOLID,1
70.833333,16.675827,71.875000,16.675827
70.833333,18.760305,71.875000,18.760305
SOLID,7
73.958333,17.718066,75.000000,17.718066
73.958333,18.760305,75.000000,18.760305
SOLID,1
75.000000,17.718066,76.041667,17.718066
75.000000,18.760305,76.041667,18.760305
SOLID,6
76.041667,16.675827,77.083333,16.675827
76.041667,18.760305,77.083333,18.760305
SOLID,4
80.208333,17.718066,81.250000,17.718066
80.208333,18.760305,81.250000,18.760305
SOLID,5
81.250000,9.380153,82.291667,9.380153
81.250000,18.760305,82.291667,18.760305
SOLID,6
84.375000,17.718066,85.416667,17.718066
84.375000,18.760305,85.416667,18.760305
SOLID,7
85.416667,17.718066,86.458333,17.718066
85.416667,18.760305,86.458333,18.760305
SOLID,7
91.666667,14.591349,92.708333,14.591349
91.666667,18.760305,92.708333,18.760305
SOLID,2
92.708333,17.718066,93.750000,17.718066
92.708333,18.760305,93.750000,18.760305
SOLID,1
93.750000,17.718066,94.791667,17.718066
93.750000,18.760305,94.791667,18.760305
SOLID,2
95.833333,17.718066,96.875000,17.718066
95.833333,18.760305,96.875000,18.760305
SOLID,3
0.000000,16.675827,1.041667,16.675827
0.000000,17.718066,1.041667,17.718066
SOLID,3
2.083333,16.675827,3.125000,16.675827
2.083333,17.718066,3.125000,17.718066
SOLID,1
4.166667,16.675827,5.208333,16.675827
4.166667,17.718066,5.208333,17.718066
SOLID,7
5.208333,16.675827,6.250000,16.675827
5.208333,17.718066,6.250000,17.718066
SOLID,1
6.250000,16.675827,7.291667,16.675827
6.250000,17.718066,7.291667,17.718066
SOLID,7
7.291667,16.675827,8.333333,16.675827
7.291667,17.718066,8.333333,17.718066
SOLID,1
8.333333,16.675827,9.375000,16.675827
8.333333,17.718066,9.375000,17.718066
SOLID,3
10.416667,16.675827,11.458333,16.675827
10.416667,17.718066,11.458333,17.718066
SOLID,4
11.458333,16.675827,15.625000,16.675827
11.458333,17.718066,15.625000,17.718066
SOLID,3
15.625000,15.633588,16.666667,15.633588
15.625000,17.718066,16.666667,17.718066
SOLID,4
17.708333,16.675827,18.750000,16.675827
17.708333,17.718066,18.750000,17.718066
SOLID,5
18.750000,16.675827,19.791667,16.675827
18.750000,17.718066,19.791667,17.718066
SOLID,4
19.791667,16.675827,20.833333,16.675827
19.791667,17.718066,20.833333,17.718066
SOLID,5
20.833333,16.675827,21.875000,16.675827
20.833333,17.718066,21.875000,17.718066
SOLID,3
23.958333,16.675827,26.041667,16.675827
23.958333,17.718066,26.041667,17.718066
SOLID,6
26.041667,16.675827,27.083333,16.675827
26.041667,17.718066,27.083333,17.718066
SOLID,7
28.125000,16.675827,30.208333,16.675827
28.125000,17.718066,30.208333,17.718066
SOLID,1
30.208333,15.633588,31.250000,15.633588
30.208333,17.718066,31.250000,17.718066
SOLID,7
31.250000,15.633588,32.291667,15.633588
31.250000,17.718066,32.291667,17.718066
SOLID,6
33.333333,16.675827,34.375000,16.675827
33.333333,17.718066,34.375000,17.718066
SOLID,1
34.375000,16.675827,35.416667,16.675827
34.375000,17.718066,35.416667,17.718066
SOLID,6
35.416667,16.675827,36.458333,16.675827
35.416667,17.718066,36.458333,17.718066
SOLID,3
36.458333,16.675827,37.500000,16.675827
36.458333,17.718066,37.500000,17.718066
SOLID,4
37.500000,16.675827,38.541667,16.675827
37.500000,17.718066,38.541667,17.718066
SOLID,3
38.541667,16.675827,39.583333,16.675827
38.541667,17.718066,39.583333,17.718066
SOLID,4
41.666667,16.675827,42.708333,16.675827
41.666667,17.718066,42.708333,17.718066
SOLID,3
42.708333,16.675827,43.750000,16.675827
42.708333,17.718066,43.750000,17.718066
SOLID,6
43.750000,16.675827,44.791667,16.675827
43.750000,17.718066,44.791667,17.718066
SOLID,3
44.791667,16.675827,50.000000,16.675827
44.791667,17.718066,50.000000,17.718066
SOLID,4
50.000000,16.675827,56.250000,16.675827
50.000000,17.718066,56.250000,17.718066
SOLID,3
59.375000,16.675827,60.416667,16.675827
59.375000,17.718066,60.416667,17.718066
SOLID,4
60.416667,13.549109,61.458333,13.549109
60.416667,17.718066,61.458333,17.718066
SOLID,6
68.750000,15.633588,69.791667,15.633588
68.750000,17.718066,69.791667,17.718066
SOLID,3
72.916667,16.675827,73.958333,16.675827
72.916667,17.718066,73.958333,17.718066
SOLID,6
73.958333,16.675827,76.041667,16.675827
73.958333,17.718066,76.041667,17.718066
SOLID,1
78.125000,16.675827,79.166667,16.675827
78.125000,17.718066,79.166667,17.718066
SOLID,7
79.166667,16.675827,80.208333,16.675827
79.166667,17.718066,80.208333,17.718066
SOLID,3
80.208333,15.633588,81.250000,15.633588
80.208333,17.718066,81.250000,17.718066
SOLID,7
84.375000,16.675827,85.416667,16.675827
84.375000,17.718066,85.416667,17.718066
SOLID,2
85.416667,16.675827,86.458333,16.675827
85.416667,17.718066,86.458333,17.718066
SOLID,1
87.500000,15.633588,88.541667,15.633588
87.500000,17.718066,88.541667,17.718066
SOLID,1
90.625000,15.633588,91.666667,15.633588
90.625000,17.718066,91.666667,17.718066
SOLID,7
92.708333,16.675827,93.750000,16.675827
92.708333,17.718066,93.750000,17.718066
SOLID,6
93.750000,16.675827,94.791667,16.675827
93.750000,17.718066,94.791667,17.718066
SOLID,7
95.833333,16.675827,96.875000,16.675827
95.833333,17.718066,96.875000,17.718066
SOLID,6
96.875000,16.675827,97.916667,16.675827
96.875000,17.718066,97.916667,17.718066
SOLID,4
0.000000,12.506870,1.041667,12.506870
0.000000,16.675827,1.041667,16.675827
SOLID,4
2.083333,14.591349,4.166667,14.591349
2.083333,16.675827,4.166667,16.675827
SOLID,3
4.166667,15.633588,8.333333,15.633588
4.166667,16.675827,8.333333,16.675827
SOLID,4
8.333333,15.633588,9.375000,15.633588
8.333333,16.675827,9.375000,16.675827
SOLID,5
10.416667,15.633588,11.458333,15.633588
10.416667,16.675827,11.458333,16.675827
SOLID,4
11.458333,15.633588,12.500000,15.633588
11.458333,16.675827,12.500000,16.675827
SOLID,5
12.500000,15.633588,13.541667,15.633588
12.500000,16.675827,13.541667,16.675827
SOLID,4
13.541667,15.633588,15.625000,15.633588
13.541667,16.675827,15.625000,16.675827
SOLID,6
16.666667,15.633588,17.708333,15.633588
16.666667,16.675827,17.708333,16.675827
SOLID,3
17.708333,15.633588,18.750000,15.633588
17.708333,16.675827,18.750000,16.675827
SOLID,4
18.750000,15.633588,19.791667,15.633588
18.750000,16.675827,19.791667,16.675827
SOLID,6
19.791667,15.633588,20.833333,15.633588
19.791667,16.675827,20.833333,16.675827
SOLID,3
20.833333,15.633588,21.875000,15.633588
20.833333,16.675827,21.875000,16.675827
SOLID,4
21.875000,14.591349,22.916667,14.591349
21.875000,16.675827,22.916667,16.675827
SOLID,3
22.916667,15.633588,25.000000,15.633588
22.916667,16.675827,25.000000,16.675827
SOLID,4
25.000000,15.633588,27.083333,15.633588
25.000000,16.675827,27.083333,16.675827
SOLID,3
27.083333,15.633588,30.208333,15.633588
27.083333,16.675827,30.208333,16.675827
SOLID,2
33.333333,15.633588,34.375000,15.633588
33.333333,16.675827,34.375000,16.675827
SOLID,8
34.375000,9.380153,36.458333,9.380153
34.375000,16.675827,36.458333,16.675827
SOLID,7
36.458333,15.633588,37.500000,15.633588
36.458333,16.675827,37.500000,16.675827
SOLID,1
37.500000,15.633588,39.583333,15.633588
37.500000,16.675827,39.583333,16.675827
SOLID,3
39.583333,15.633588,40.625000,15.633588
39.583333,16.675827,40.625000,16.675827
SOLID,6
41.666667,15.633588,42.708333,15.633588
41.666667,16.675827,42.708333,16.675827
SOLID,1
42.708333,15.633588,43.750000,15.633588
42.708333,16.675827,43.750000,16.675827
SOLID,3
43.750000,15.633588,45.833333,15.633588
43.750000,16.675827,45.833333,16.675827
SOLID,4
45.833333,15.633588,47.916667,15.633588
45.833333,16.675827,47.916667,16.675827
SOLID,3
47.916667,15.633588,50.000000,15.633588
47.916667,16.675827,50.000000,16.675827
SOLID,4
50.000000,14.591349,51.041667,14.591349
50.000000,16.675827,51.041667,16.675827
SOLID,6
51.041667,15.633588,52.083333,15.633588
51.041667,16.675827,52.083333,16.675827
SOLID,3
52.083333,15.633588,53.125000,15.633588
52.083333,16.675827,53.125000,16.675827
SOLID,4
53.125000,15.633588,55.208333,15.633588
53.125000,16.675827,55.208333,16.675827
SOLID,6
55.208333,15.633588,56.250000,15.633588
55.208333,16.675827,56.250000,16.675827
SOLID,4
56.250000,15.633588,60.416667,15.633588
56.250000,16.675827,60.416667,16.675827
SOLID,6
62.500000,14.591349,63.541667,14.591349
62.500000,16.675827,63.541667,16.675827
SOLID,3
63.541667,15.633588,64.583333,15.633588
63.541667,16.675827,64.583333,16.675827
SOLID,4
64.583333,15.633588,65.625000,15.633588
64.583333,16.675827,65.625000,16.675827
SOLID,6
70.833333,12.506870,71.875000,12.506870
70.833333,16.675827,71.875000,16.675827
SOLID,5
71.875000,10.422392,72.916667,10.422392
71.875000,16.675827,72.916667,16.675827
SOLID,4
72.916667,15.633588,75.000000,15.633588
72.916667,16.675827,75.000000,16.675827
SOLID,6
75.000000,15.633588,76.041667,15.633588
75.000000,16.675827,76.041667,16.675827
SOLID,3
76.041667,15.633588,79.166667,15.633588
76.041667,16.675827,79.166667,16.675827
SOLID,1
79.166667,13.549109,80.208333,13.549109
79.166667,16.675827,80.208333,16.675827
SOLID,1
84.375000,15.633588,85.416667,15.633588
84.375000,16.675827,85.416667,16.675827
SOLID,7
85.416667,13.549109,86.458333,13.549109
85.416667,16.675827,86.458333,16.675827
SOLID,2
92.708333,11.464631,93.750000,11.464631
92.708333,16.675827,93.750000,16.675827
SOLID,1
93.750000,14.591349,94.791667,14.591349
93.750000,16.675827,94.791667,16.675827
SOLID,2
95.833333,14.591349,96.875000,14.591349
95.833333,16.675827,96.875000,16.675827
SOLID,1
96.875000,14.591349,97.916667,14.591349
96.875000,16.675827,97.916667,16.675827
SOLID,4
4.166667,13.549109,7.291667,13.549109
4.166667,15.633588,7.291667,15.633588
SOLID,6
7.291667,14.591349,12.500000,14.591349
7.291667,15.633588,12.500000,15.633588
SOLID,1
12.500000,14.591349,13.541667,14.591349
12.500000,15.633588,13.541667,15.633588
SOLID,3
13.541667,14.591349,15.625000,14.591349
13.541667,15.633588,15.625000,15.633588
SOLID,4
15.625000,14.591349,16.666667,14.591349
15.625000,15.633588,16.666667,15.633588
SOLID,3
16.666667,14.591349,17.708333,14.591349
16.666667,15.633588,17.708333,15.633588
SOLID,1
17.708333,14.591349,18.750000,14.591349
17.708333,15.633588,18.750000,15.633588
SOLID,7
18.750000,14.591349,19.791667,14.591349
18.750000,15.633588,19.791667,15.633588
SOLID,1
19.791667,14.591349,20.833333,14.591349
19.791667,15.633588,20.833333,15.633588
SOLID,6
20.833333,14.591349,21.875000,14.591349
20.833333,15.633588,21.875000,15.633588
SOLID,3
22.916667,13.549109,23.958333,13.549109
22.916667,15.633588,23.958333,15.633588
SOLID,6
23.958333,13.549109,25.000000,13.549109
23.958333,15.633588,25.000000,15.633588
SOLID,7
25.000000,14.591349,28.125000,14.591349
25.000000,15.633588,28.125000,15.633588
SOLID,6
28.125000,12.506870,29.166667,12.506870
28.125000,15.633588,29.166667,15.633588
SOLID,4
29.166667,14.591349,32.291667,14.591349
29.166667,15.633588,32.291667,15.633588
SOLID,7
32.291667,14.591349,33.333333,14.591349
32.291667,15.633588,33.333333,15.633588
SOLID,8
33.333333,9.380153,34.375000,9.380153
33.333333,15.633588,34.375000,15.633588
SOLID,8
36.458333,10.422392,37.500000,10.422392
36.458333,15.633588,37.500000,15.633588
SOLID,7
37.500000,14.591349,38.541667,14.591349
37.500000,15.633588,38.541667,15.633588
SOLID,6
38.541667,14.591349,39.583333,14.591349
38.541667,15.633588,39.583333,15.633588
SOLID,4
39.583333,14.591349,40.625000,14.591349
39.583333,15.633588,40.625000,15.633588
SOLID,3
41.666667,14.591349,42.708333,14.591349
41.666667,15.633588,42.708333,15.633588
SOLID,6
42.708333,13.549109,43.750000,13.549109
42.708333,15.633588,43.750000,15.633588
SOLID,1
43.750000,14.591349,44.791667,14.591349
43.750000,15.633588,44.791667,15.633588
SOLID,6
44.791667,14.591349,45.833333,14.591349
44.791667,15.633588,45.833333,15.633588
SOLID,3
45.833333,14.591349,46.875000,14.591349
45.833333,15.633588,46.875000,15.633588
SOLID,6
46.875000,14.591349,47.916667,14.591349
46.875000,15.633588,47.916667,15.633588
SOLID,4
47.916667,14.591349,50.000000,14.591349
47.916667,15.633588,50.000000,15.633588
SOLID,3
51.041667,14.591349,52.083333,14.591349
51.041667,15.633588,52.083333,15.633588
SOLID,6
52.083333,14.591349,53.125000,14.591349
52.083333,15.633588,53.125000,15.633588
SOLID,4
53.125000,14.591349,54.166667,14.591349
53.125000,15.633588,54.166667,15.633588
SOLID,3
54.166667,14.591349,56.250000,14.591349
54.166667,15.633588,56.250000,15.633588
SOLID,4
56.250000,13.549109,57.291667,13.549109
56.250000,15.633588,57.291667,15.633588
SOLID,3
57.291667,13.549109,59.375000,13.549109
57.291667,15.633588,59.375000,15.633588
SOLID,6
59.375000,14.591349,60.416667,14.591349
59.375000,15.633588,60.416667,15.633588
SOLID,6
63.541667,13.549109,64.583333,13.549109
63.541667,15.633588,64.583333,15.633588
SOLID,3
64.583333,12.506870,65.625000,12.506870
64.583333,15.633588,65.625000,15.633588
SOLID,3
68.750000,14.591349,69.791667,14.591349
68.750000,15.633588,69.791667,15.633588
SOLID,4
69.791667,14.591349,70.833333,14.591349
69.791667,15.633588,70.833333,15.633588
SOLID,4
72.916667,12.506870,73.958333,12.506870
72.916667,15.633588,73.958333,15.633588
SOLID,5
73.958333,14.591349,75.000000,14.591349
73.958333,15.633588,75.000000,15.633588
SOLID,3
75.000000,14.591349,77.083333,14.591349
75.000000,15.633588,77.083333,15.633588
SOLID,4
77.083333,14.591349,78.125000,14.591349
77.083333,15.633588,78.125000,15.633588
SOLID,3
78.125000,13.549109,79.166667,13.549109
78.125000,15.633588,79.166667,15.633588
SOLID,6
80.208333,13.549109,81.250000,13.549109
80.208333,15.633588,81.250000,15.633588
SOLID,2
83.333333,14.591349,84.375000,14.591349
83.333333,15.633588,84.375000,15.633588
SOLID,6
84.375000,12.506870,85.416667,12.506870
84.375000,15.633588,85.416667,15.633588
SOLID,6
87.500000,12.506870,88.541667,12.506870
87.500000,15.633588,88.541667,15.633588
SOLID,1
88.541667,12.506870,89.583333,12.506870
88.541667,15.633588,89.583333,15.633588
SOLID,6
90.625000,12.506870,91.666667,12.506870
90.625000,15.633588,91.666667,15.633588
SOLID,6
1.041667,12.506870,2.083333,12.506870
1.041667,14.591349,2.083333,14.591349
SOLID,3
2.083333,12.506870,3.125000,12.506870
2.083333,14.591349,3.125000,14.591349
SOLID,4
3.125000,12.506870,4.166667,12.506870
3.125000,14.591349,4.166667,14.591349
SOLID,5
7.291667,13.549109,8.333333,13.549109
7.291667,14.591349,8.333333,14.591349
SOLID,4
8.333333,13.549109,11.458333,13.549109
8.333333,14.591349,11.458333,14.591349
SOLID,3
11.458333,9.380153,12.500000,9.380153
11.458333,14.591349,12.500000,14.591349
SOLID,6
12.500000,13.549109,15.625000,13.549109
12.500000,14.591349,15.625000,14.591349
SOLID,1
15.625000,13.549109,16.666667,13.549109
15.625000,14.591349,16.666667,14.591349
SOLID,7
16.666667,13.549109,17.708333,13.549109
16.666667,14.591349,17.708333,14.591349
SOLID,2
17.708333,13.549109,20.833333,13.549109
17.708333,14.591349,20.833333,14.591349
SOLID,7
20.833333,12.506870,21.875000,12.506870
20.833333,14.591349,21.875000,14.591349
SOLID,6
21.875000,12.506870,22.916667,12.506870
21.875000,14.591349,22.916667,14.591349
SOLID,1
25.000000,13.549109,28.125000,13.549109
25.000000,14.591349,28.125000,14.591349
SOLID,4
29.166667,13.549109,30.208333,13.549109
29.166667,14.591349,30.208333,14.591349
SOLID,6
30.208333,12.506870,31.250000,12.506870
30.208333,14.591349,31.250000,14.591349
SOLID,4
31.250000,13.549109,32.291667,13.549109
31.250000,14.591349,32.291667,14.591349
SOLID,2
32.291667,13.549109,33.333333,13.549109
32.291667,14.591349,33.333333,14.591349
SOLID,2
37.500000,13.549109,40.625000,13.549109
37.500000,14.591349,40.625000,14.591349
SOLID,7
40.625000,13.549109,41.666667,13.549109
40.625000,14.591349,41.666667,14.591349
SOLID,1
41.666667,13.549109,42.708333,13.549109
41.666667,14.591349,42.708333,14.591349
SOLID,8
43.750000,11.464631,48.958333,11.464631
43.750000,14.591349,48.958333,14.591349
SOLID,6
48.958333,13.549109,50.000000,13.549109
48.958333,14.591349,50.000000,14.591349
SOLID,3
50.000000,13.549109,51.041667,13.549109
50.000000,14.591349,51.041667,14.591349
SOLID,4
51.041667,12.506870,53.125000,12.506870
51.041667,14.591349,53.125000,14.591349
SOLID,3
53.125000,13.549109,54.166667,13.549109
53.125000,14.591349,54.166667,14.591349
SOLID,6
54.166667,13.549109,55.208333,13.549109
54.166667,14.591349,55.208333,14.591349
SOLID,4
55.208333,13.549109,56.250000,13.549109
55.208333,14.591349,56.250000,14.591349
SOLID,4
59.375000,13.549109,60.416667,13.549109
59.375000,14.591349,60.416667,14.591349
SOLID,3
61.458333,13.549109,62.500000,13.549109
61.458333,14.591349,62.500000,14.591349
SOLID,7
62.500000,13.549109,63.541667,13.549109
62.500000,14.591349,63.541667,14.591349
SOLID,6
66.666667,12.506870,67.708333,12.506870
66.666667,14.591349,67.708333,14.591349
SOLID,6
68.750000,11.464631,69.791667,11.464631
68.750000,14.591349,69.791667,14.591349
SOLID,3
69.791667,13.549109,70.833333,13.549109
69.791667,14.591349,70.833333,14.591349
SOLID,4
73.958333,12.506870,76.041667,12.506870
73.958333,14.591349,76.041667,14.591349
SOLID,5
76.041667,13.549109,78.125000,13.549109
76.041667,14.591349,78.125000,14.591349
SOLID,8
83.333333,12.506870,84.375000,12.506870
83.333333,14.591349,84.375000,14.591349
SOLID,7
89.583333,13.549109,90.625000,13.549109
89.583333,14.591349,90.625000,14.591349
SOLID,1
91.666667,10.422392,92.708333,10.422392
91.666667,14.591349,92.708333,14.591349
SOLID,6
93.750000,13.549109,94.791667,13.549109
93.750000,14.591349,94.791667,14.591349
SOLID,7
95.833333,13.549109,96.875000,13.549109
95.833333,14.591349,96.875000,14.591349
SOLID,6
96.875000,12.506870,97.916667,12.506870
96.875000,14.591349,97.916667,14.591349
SOLID,4
4.166667,12.506870,5.208333,12.506870
4.166667,13.549109,5.208333,13.549109
SOLID,3
5.208333,12.506870,7.291667,12.506870
5.208333,13.549109,7.291667,13.549109
SOLID,4
7.291667,12.506870,8.333333,12.506870
7.291667,13.549109,8.333333,13.549109
SOLID,3
8.333333,12.506870,11.458333,12.506870
8.333333,13.549109,11.458333,13.549109
SOLID,6
12.500000,10.422392,14.583333,10.422392
12.500000,13.549109,14.583333,13.549109
SOLID,1
14.583333,12.506870,15.625000,12.506870
14.583333,13.549109,15.625000,13.549109
SOLID,6
15.625000,10.422392,16.666667,10.422392
15.625000,13.549109,16.666667,13.549109
SOLID,1
16.666667,12.506870,18.750000,12.506870
16.666667,13.549109,18.750000,13.549109
SOLID,7
18.750000,12.506870,20.833333,12.506870
18.750000,13.549109,20.833333,13.549109
SOLID,7
22.916667,12.506870,27.083333,12.506870
22.916667,13.549109,27.083333,13.549109
SOLID,3
27.083333,10.422392,28.125000,10.422392
27.083333,13.549109,28.125000,13.549109
SOLID,6
29.166667,12.506870,30.208333,12.506870
29.166667,13.549109,30.208333,13.549109
SOLID,3
31.250000,11.464631,32.291667,11.464631
31.250000,13.549109,32.291667,13.549109
SOLID,8
32.291667,9.380153,33.333333,9.380153
32.291667,13.549109,33.333333,13.549109
SOLID,8
37.500000,11.464631,43.750000,11.464631
37.500000,13.549109,43.750000,13.549109
SOLID,1
48.958333,12.506870,50.000000,12.506870
48.958333,13.549109,50.000000,13.549109
SOLID,6
50.000000,12.506870,51.041667,12.506870
50.000000,13.549109,51.041667,13.549109
SOLID,7
53.125000,12.506870,54.166667,12.506870
53.125000,13.549109,54.166667,13.549109
SOLID,1
54.166667,12.506870,55.208333,12.506870
54.166667,13.549109,55.208333,13.549109
SOLID,6
55.208333,12.506870,57.291667,12.506870
55.208333,13.549109,57.291667,13.549109
SOLID,3
57.291667,11.464631,58.333333,11.464631
57.291667,13.549109,58.333333,13.549109
SOLID,1
58.333333,11.464631,59.375000,11.464631
58.333333,13.549109,59.375000,13.549109
SOLID,6
59.375000,11.464631,60.416667,11.464631
59.375000,13.549109,60.416667,13.549109
SOLID,7
60.416667,12.506870,61.458333,12.506870
60.416667,13.549109,61.458333,13.549109
SOLID,1
61.458333,12.506870,62.500000,12.506870
61.458333,13.549109,62.500000,13.549109
SOLID,6
62.500000,11.464631,63.541667,11.464631
62.500000,13.549109,63.541667,13.549109
SOLID,3
63.541667,12.506870,64.583333,12.506870
63.541667,13.549109,64.583333,13.549109
SOLID,5
65.625000,12.506870,66.666667,12.506870
65.625000,13.549109,66.666667,13.549109
SOLID,4
69.791667,8.337913,70.833333,8.337913
69.791667,13.549109,70.833333,13.549109
SOLID,4
76.041667,12.506870,79.166667,12.506870
76.041667,13.549109,79.166667,13.549109
SOLID,3
79.166667,12.506870,81.250000,12.506870
79.166667,13.549109,81.250000,13.549109
SOLID,1
85.416667,11.464631,86.458333,11.464631
85.416667,13.549109,86.458333,13.549109
SOLID,1
89.583333,11.464631,90.625000,11.464631
89.583333,13.549109,90.625000,13.549109
SOLID,1
93.750000,12.506870,94.791667,12.506870
93.750000,13.549109,94.791667,13.549109
SOLID,2
95.833333,11.464631,96.875000,11.464631
95.833333,13.549109,96.875000,13.549109
SOLID,6
0.000000,8.337913,1.041667,8.337913
0.000000,12.506870,1.041667,12.506870
SOLID,3
1.041667,11.464631,2.083333,11.464631
1.041667,12.506870,2.083333,12.506870
SOLID,4
2.083333,11.464631,3.125000,11.464631
2.083333,12.506870,3.125000,12.506870
SOLID,6
3.125000,11.464631,6.250000,11.464631
3.125000,12.506870,6.250000,12.506870
SOLID,3
6.250000,11.464631,8.333333,11.464631
6.250000,12.506870,8.333333,12.506870
SOLID,6
8.333333,10.422392,11.458333,10.422392
8.333333,12.506870,11.458333,12.506870
SOLID,6
14.583333,11.464631,15.625000,11.464631
14.583333,12.506870,15.625000,12.506870
SOLID,6
16.666667,11.464631,18.750000,11.464631
16.666667,12.506870,18.750000,12.506870
SOLID,7
18.750000,11.464631,19.791667,11.464631
18.750000,12.506870,19.791667,12.506870
SOLID,2
19.791667,10.422392,20.833333,10.422392
19.791667,12.506870,20.833333,12.506870
SOLID,1
20.833333,11.464631,22.916667,11.464631
20.833333,12.506870,22.916667,12.506870
SOLID,2
22.916667,11.464631,26.041667,11.464631
22.916667,12.506870,26.041667,12.506870
SOLID,7
26.041667,10.422392,27.083333,10.422392
26.041667,12.506870,27.083333,12.506870
SOLID,3
28.125000,11.464631,30.208333,11.464631
28.125000,12.506870,30.208333,12.506870
SOLID,1
30.208333,8.337913,31.250000,8.337913
30.208333,12.506870,31.250000,12.506870
SOLID,8
48.958333,10.422392,50.000000,10.422392
48.958333,12.506870,50.000000,12.506870
SOLID,2
50.000000,11.464631,51.041667,11.464631
50.000000,12.506870,51.041667,12.506870
SOLID,6
51.041667,10.422392,52.083333,10.422392
51.041667,12.506870,52.083333,12.506870
SOLID,3
52.083333,11.464631,53.125000,11.464631
52.083333,12.506870,53.125000,12.506870
SOLID,2
53.125000,11.464631,55.208333,11.464631
53.125000,12.506870,55.208333,12.506870
SOLID,6
55.208333,9.380153,56.250000,9.380153
55.208333,12.506870,56.250000,12.506870
SOLID,1
56.250000,11.464631,57.291667,11.464631
56.250000,12.506870,57.291667,12.506870
SOLID,3
60.416667,11.464631,61.458333,11.464631
60.416667,12.506870,61.458333,12.506870
SOLID,6
61.458333,11.464631,62.500000,11.464631
61.458333,12.506870,62.500000,12.506870
SOLID,6
63.541667,11.464631,65.625000,11.464631
63.541667,12.506870,65.625000,12.506870
SOLID,4
65.625000,11.464631,66.666667,11.464631
65.625000,12.506870,66.666667,12.506870
SOLID,1
66.666667,11.464631,67.708333,11.464631
66.666667,12.506870,67.708333,12.506870
SOLID,7
67.708333,11.464631,68.750000,11.464631
67.708333,12.506870,68.750000,12.506870
SOLID,4
70.833333,8.337913,71.875000,8.337913
70.833333,12.506870,71.875000,12.506870
SOLID,5
72.916667,10.422392,75.000000,10.422392
72.916667,12.506870,75.000000,12.506870
SOLID,3
75.000000,11.464631,77.083333,11.464631
75.000000,12.506870,77.083333,12.506870
SOLID,4
77.083333,9.380153,78.125000,9.380153
77.083333,12.506870,78.125000,12.506870
SOLID,5
78.125000,10.422392,81.250000,10.422392
78.125000,12.506870,81.250000,12.506870
SOLID,1
83.333333,11.464631,84.375000,11.464631
83.333333,12.506870,84.375000,12.506870
SOLID,3
84.375000,11.464631,85.416667,11.464631
84.375000,12.506870,85.416667,12.506870
SOLID,3
87.500000,11.464631,88.541667,11.464631
87.500000,12.506870,88.541667,12.506870
SOLID,6
88.541667,11.464631,89.583333,11.464631
88.541667,12.506870,89.583333,12.506870
SOLID,7
90.625000,11.464631,91.666667,11.464631
90.625000,12.506870,91.666667,12.506870
SOLID,6
93.750000,10.422392,94.791667,10.422392
93.750000,12.506870,94.791667,12.506870
SOLID,1
96.875000,11.464631,97.916667,11.464631
96.875000,12.506870,97.916667,12.506870
SOLID,2
98.958333,11.464631,100.000000,11.464631
98.958333,12.506870,100.000000,12.506870
SOLID,6
1.041667,10.422392,3.125000,10.422392
1.041667,11.464631,3.125000,11.464631
SOLID,3
3.125000,10.422392,6.250000,10.422392
3.125000,11.464631,6.250000,11.464631
SOLID,1
6.250000,10.422392,7.291667,10.422392
6.250000,11.464631,7.291667,11.464631
SOLID,3
7.291667,10.422392,8.333333,10.422392
7.291667,11.464631,8.333333,11.464631
SOLID,1
14.583333,10.422392,15.625000,10.422392
14.583333,11.464631,15.625000,11.464631
SOLID,3
16.666667,9.380153,17.708333,9.380153
16.666667,11.464631,17.708333,11.464631
SOLID,4
17.708333,10.422392,18.750000,10.422392
17.708333,11.464631,18.750000,11.464631
SOLID,6
18.750000,10.422392,19.791667,10.422392
18.750000,11.464631,19.791667,11.464631
SOLID,8
20.833333,10.422392,23.958333,10.422392
20.833333,11.464631,23.958333,11.464631
SOLID,2
23.958333,9.380153,25.000000,9.380153
23.958333,11.464631,25.000000,11.464631
SOLID,7
25.000000,10.422392,26.041667,10.422392
25.000000,11.464631,26.041667,11.464631
SOLID,3
28.125000,10.422392,29.166667,10.422392
28.125000,11.464631,29.166667,11.464631
SOLID,6
29.166667,9.380153,30.208333,9.380153
29.166667,11.464631,30.208333,11.464631
SOLID,1
31.250000,10.422392,32.291667,10.422392
31.250000,11.464631,32.291667,11.464631
SOLID,8
37.500000,10.422392,40.625000,10.422392
37.500000,11.464631,40.625000,11.464631
SOLID,2
40.625000,10.422392,42.708333,10.422392
40.625000,11.464631,42.708333,11.464631
SOLID,8
42.708333,10.422392,45.833333,10.422392
42.708333,11.464631,45.833333,11.464631
SOLID,7
45.833333,10.422392,46.875000,10.422392
45.833333,11.464631,46.875000,11.464631
SOLID,6
46.875000,8.337913,48.958333,8.337913
46.875000,11.464631,48.958333,11.464631
SOLID,7
50.000000,10.422392,51.041667,10.422392
50.000000,11.464631,51.041667,11.464631
SOLID,1
52.083333,10.422392,53.125000,10.422392
52.083333,11.464631,53.125000,11.464631
SOLID,6
53.125000,10.422392,55.208333,10.422392
53.125000,11.464631,55.208333,11.464631
SOLID,7
56.250000,10.422392,57.291667,10.422392
56.250000,11.464631,57.291667,11.464631
SOLID,6
57.291667,10.422392,59.375000,10.422392
57.291667,11.464631,59.375000,11.464631
SOLID,3
59.375000,10.422392,60.416667,10.422392
59.375000,11.464631,60.416667,11.464631
SOLID,7
60.416667,10.422392,61.458333,10.422392
60.416667,11.464631,61.458333,11.464631
SOLID,3
61.458333,8.337913,62.500000,8.337913
61.458333,11.464631,62.500000,11.464631
SOLID,1
62.500000,10.422392,63.541667,10.422392
62.500000,11.464631,63.541667,11.464631
SOLID,6
63.541667,10.422392,64.583333,10.422392
63.541667,11.464631,64.583333,11.464631
SOLID,3
64.583333,10.422392,67.708333,10.422392
64.583333,11.464631,67.708333,11.464631
SOLID,6
67.708333,10.422392,68.750000,10.422392
67.708333,11.464631,68.750000,11.464631
SOLID,4
68.750000,7.295674,69.791667,7.295674
68.750000,11.464631,69.791667,11.464631
SOLID,3
75.000000,10.422392,76.041667,10.422392
75.000000,11.464631,76.041667,11.464631
SOLID,4
76.041667,7.295674,77.083333,7.295674
76.041667,11.464631,77.083333,11.464631
SOLID,5
83.333333,10.422392,85.416667,10.422392
83.333333,11.464631,85.416667,11.464631
SOLID,4
85.416667,9.380153,86.458333,9.380153
85.416667,11.464631,86.458333,11.464631
SOLID,3
86.458333,10.422392,87.500000,10.422392
86.458333,11.464631,87.500000,11.464631
SOLID,6
87.500000,10.422392,88.541667,10.422392
87.500000,11.464631,88.541667,11.464631
SOLID,1
88.541667,10.422392,89.583333,10.422392
88.541667,11.464631,89.583333,11.464631
SOLID,2
89.583333,10.422392,91.666667,10.422392
89.583333,11.464631,91.666667,11.464631
SOLID,1
92.708333,10.422392,93.750000,10.422392
92.708333,11.464631,93.750000,11.464631
SOLID,1
94.791667,10.422392,95.833333,10.422392
94.791667,11.464631,95.833333,11.464631
SOLID,7
95.833333,10.422392,96.875000,10.422392
95.833333,11.464631,96.875000,11.464631
SOLID,6
96.875000,10.422392,97.916667,10.422392
96.875000,11.464631,97.916667,11.464631
SOLID,1
98.958333,10.422392,100.000000,10.422392
98.958333,11.464631,100.000000,11.464631
SOLID,6
1.041667,9.380153,2.083333,9.380153
1.041667,10.422392,2.083333,10.422392
SOLID,3
2.083333,7.295674,3.125000,7.295674
2.083333,10.422392,3.125000,10.422392
SOLID,6
3.125000,9.380153,9.375000,9.380153
3.125000,10.422392,9.375000,10.422392
SOLID,3
9.375000,8.337913,10.416667,8.337913
9.375000,10.422392,10.416667,10.422392
SOLID,6
10.416667,8.337913,11.458333,8.337913
10.416667,10.422392,11.458333,10.422392
SOLID,6
12.500000,9.380153,13.541667,9.380153
12.500000,10.422392,13.541667,10.422392
SOLID,3
13.541667,9.380153,16.666667,9.380153
13.541667,10.422392,16.666667,10.422392
SOLID,3
17.708333,9.380153,19.791667,9.380153
17.708333,10.422392,19.791667,10.422392
SOLID,7
19.791667,9.380153,20.833333,9.380153
19.791667,10.422392,20.833333,10.422392
SOLID,8
20.833333,9.380153,21.875000,9.380153
20.833333,10.422392,21.875000,10.422392
SOLID,2
21.875000,9.380153,22.916667,9.380153
21.875000,10.422392,22.916667,10.422392
SOLID,7
22.916667,9.380153,23.958333,9.380153
22.916667,10.422392,23.958333,10.422392
SOLID,2
25.000000,8.337913,27.083333,8.337913
25.000000,10.422392,27.083333,10.422392
SOLID,7
27.083333,9.380153,29.166667,9.380153
27.083333,10.422392,29.166667,10.422392
SOLID,7
31.250000,9.380153,32.291667,9.380153
31.250000,10.422392,32.291667,10.422392
SOLID,2
36.458333,9.380153,37.500000,9.380153
36.458333,10.422392,37.500000,10.422392
SOLID,7
37.500000,9.380153,39.583333,9.380153
37.500000,10.422392,39.583333,10.422392
SOLID,6
39.583333,9.380153,40.625000,9.380153
39.583333,10.422392,40.625000,10.422392
SOLID,3
40.625000,9.380153,41.666667,9.380153
40.625000,10.422392,41.666667,10.422392
SOLID,4
41.666667,8.337913,43.750000,8.337913
41.666667,10.422392,43.750000,10.422392
SOLID,3
43.750000,9.380153,44.791667,9.380153
43.750000,10.422392,44.791667,10.422392
SOLID,4
44.791667,9.380153,45.833333,9.380153
44.791667,10.422392,45.833333,10.422392
SOLID,6
45.833333,8.337913,46.875000,8.337913
45.833333,10.422392,46.875000,10.422392
SOLID,6
48.958333,9.380153,50.000000,9.380153
48.958333,10.422392,50.000000,10.422392
SOLID,3
50.000000,9.380153,51.041667,9.380153
50.000000,10.422392,51.041667,10.422392
SOLID,4
51.041667,9.380153,55.208333,9.380153
51.041667,10.422392,55.208333,10.422392
SOLID,3
56.250000,9.380153,58.333333,9.380153
56.250000,10.422392,58.333333,10.422392
SOLID,6
58.333333,9.380153,60.416667,9.380153
58.333333,10.422392,60.416667,10.422392
SOLID,4
60.416667,9.380153,61.458333,9.380153
60.416667,10.422392,61.458333,10.422392
SOLID,3
62.500000,9.380153,63.541667,9.380153
62.500000,10.422392,63.541667,10.422392
SOLID,4
63.541667,9.380153,67.708333,9.380153
63.541667,10.422392,67.708333,10.422392
SOLID,3
67.708333,9.380153,68.750000,9.380153
67.708333,10.422392,68.750000,10.422392
SOLID,4
71.875000,7.295674,76.041667,7.295674
71.875000,10.422392,76.041667,10.422392
SOLID,5
78.125000,8.337913,79.166667,8.337913
78.125000,10.422392,79.166667,10.422392
SOLID,4
79.166667,9.380153,80.208333,9.380153
79.166667,10.422392,80.208333,10.422392
SOLID,3
80.208333,9.380153,81.250000,9.380153
80.208333,10.422392,81.250000,10.422392
SOLID,5
83.333333,9.380153,84.375000,9.380153
83.333333,10.422392,84.375000,10.422392
SOLID,4
84.375000,6.253435,85.416667,6.253435
84.375000,10.422392,85.416667,10.422392
SOLID,4
86.458333,9.380153,87.500000,9.380153
86.458333,10.422392,87.500000,10.422392
SOLID,3
87.500000,9.380153,89.583333,9.380153
87.500000,10.422392,89.583333,10.422392
SOLID,7
89.583333,9.380153,90.625000,9.380153
89.583333,10.422392,90.625000,10.422392
SOLID,2
90.625000,9.380153,91.666667,9.380153
90.625000,10.422392,91.666667,10.422392
SOLID,3
91.666667,9.380153,94.791667,9.380153
91.666667,10.422392,94.791667,10.422392
SOLID,6
94.791667,9.380153,96.875000,9.380153
94.791667,10.422392,96.875000,10.422392
SOLID,1
96.875000,9.380153,97.916667,9.380153
96.875000,10.422392,97.916667,10.422392
SOLID,7
97.916667,9.380153,100.000000,9.380153
97.916667,10.422392,100.000000,10.422392
SOLID,3
1.041667,8.337913,2.083333,8.337913
1.041667,9.380153,2.083333,9.380153
SOLID,6
3.125000,8.337913,6.250000,8.337913
3.125000,9.380153,6.250000,9.380153
SOLID,3
6.250000,8.337913,7.291667,8.337913
6.250000,9.380153,7.291667,9.380153
SOLID,6
7.291667,8.337913,8.333333,8.337913
7.291667,9.380153,8.333333,9.380153
SOLID,1
8.333333,8.337913,9.375000,8.337913
8.333333,9.380153,9.375000,9.380153
SOLID,4
11.458333,8.337913,16.666667,8.337913
11.458333,9.380153,16.666667,9.380153
SOLID,5
16.666667,8.337913,18.750000,8.337913
16.666667,9.380153,18.750000,9.380153
SOLID,4
18.750000,8.337913,19.791667,8.337913
18.750000,9.380153,19.791667,9.380153
SOLID,3
19.791667,7.295674,20.833333,7.295674
19.791667,9.380153,20.833333,9.380153
SOLID,6
20.833333,8.337913,21.875000,8.337913
20.833333,9.380153,21.875000,9.380153
SOLID,3
21.875000,8.337913,23.958333,8.337913
21.875000,9.380153,23.958333,9.380153
SOLID,1
23.958333,8.337913,25.000000,8.337913
23.958333,9.380153,25.000000,9.380153
SOLID,8
27.083333,8.337913,28.125000,8.337913
27.083333,9.380153,28.125000,9.380153
SOLID,2
28.125000,8.337913,29.166667,8.337913
28.125000,9.380153,29.166667,9.380153
SOLID,1
29.166667,8.337913,30.208333,8.337913
29.166667,9.380153,30.208333,9.380153
SOLID,6
31.250000,8.337913,32.291667,8.337913
31.250000,9.380153,32.291667,9.380153
SOLID,2
32.291667,8.337913,35.416667,8.337913
32.291667,9.380153,35.416667,9.380153
SOLID,7
35.416667,8.337913,36.458333,8.337913
35.416667,9.380153,36.458333,9.380153
SOLID,6
36.458333,8.337913,37.500000,8.337913
36.458333,9.380153,37.500000,9.380153
SOLID,3
37.500000,8.337913,39.583333,8.337913
37.500000,9.380153,39.583333,9.380153
SOLID,4
39.583333,7.295674,41.666667,7.295674
39.583333,9.380153,41.666667,9.380153
SOLID,5
43.750000,8.337913,45.833333,8.337913
43.750000,9.380153,45.833333,9.380153
SOLID,4
48.958333,7.295674,51.041667,7.295674
48.958333,9.380153,51.041667,9.380153
SOLID,3
51.041667,8.337913,52.083333,8.337913
51.041667,9.380153,52.083333,9.380153
SOLID,6
52.083333,8.337913,53.125000,8.337913
52.083333,9.380153,53.125000,9.380153
SOLID,3
53.125000,8.337913,57.291667,8.337913
53.125000,9.380153,57.291667,9.380153
SOLID,4
57.291667,8.337913,60.416667,8.337913
57.291667,9.380153,60.416667,9.380153
SOLID,6
60.416667,7.295674,61.458333,7.295674
60.416667,9.380153,61.458333,9.380153
SOLID,4
62.500000,8.337913,66.666667,8.337913
62.500000,9.380153,66.666667,9.380153
SOLID,5
66.666667,8.337913,68.750000,8.337913
66.666667,9.380153,68.750000,9.380153
SOLID,5
77.083333,8.337913,78.125000,8.337913
77.083333,9.380153,78.125000,9.380153
SOLID,3
79.166667,8.337913,80.208333,8.337913
79.166667,9.380153,80.208333,9.380153
SOLID,1
80.208333,8.337913,81.250000,8.337913
80.208333,9.380153,81.250000,9.380153
SOLID,3
81.250000,8.337913,82.291667,8.337913
81.250000,9.380153,82.291667,9.380153
SOLID,4
82.291667,7.295674,84.375000,7.295674
82.291667,9.380153,84.375000,9.380153
SOLID,5
85.416667,8.337913,87.500000,8.337913
85.416667,9.380153,87.500000,9.380153
SOLID,4
87.500000,8.337913,88.541667,8.337913
87.500000,9.380153,88.541667,9.380153
SOLID,3
88.541667,8.337913,89.583333,8.337913
88.541667,9.380153,89.583333,9.380153
SOLID,6
89.583333,8.337913,90.625000,8.337913
89.583333,9.380153,90.625000,9.380153
SOLID,7
90.625000,8.337913,92.708333,8.337913
90.625000,9.380153,92.708333,9.380153
SOLID,1
92.708333,8.337913,94.791667,8.337913
92.708333,9.380153,94.791667,9.380153
SOLID,6
94.791667,8.337913,95.833333,8.337913
94.791667,9.380153,95.833333,9.380153
SOLID,3
95.833333,8.337913,96.875000,8.337913
95.833333,9.380153,96.875000,9.380153
SOLID,6
96.875000,8.337913,98.958333,8.337913
96.875000,9.380153,98.958333,9.380153
SOLID,1
98.958333,8.337913,100.000000,8.337913
98.958333,9.380153,100.000000,9.380153
SOLID,3
0.000000,7.295674,1.041667,7.295674
0.000000,8.337913,1.041667,8.337913
SOLID,6
1.041667,7.295674,2.083333,7.295674
1.041667,8.337913,2.083333,8.337913
SOLID,3
3.125000,7.295674,5.208333,7.295674
3.125000,8.337913,5.208333,8.337913
SOLID,6
5.208333,7.295674,6.250000,7.295674
5.208333,8.337913,6.250000,8.337913
SOLID,4
6.250000,7.295674,8.333333,7.295674
6.250000,8.337913,8.333333,8.337913
SOLID,7
8.333333,5.211196,9.375000,5.211196
8.333333,8.337913,9.375000,8.337913
SOLID,1
9.375000,5.211196,10.416667,5.211196
9.375000,8.337913,10.416667,8.337913
SOLID,2
10.416667,6.253435,11.458333,6.253435
10.416667,8.337913,11.458333,8.337913
SOLID,7
11.458333,7.295674,13.541667,7.295674
11.458333,8.337913,13.541667,8.337913
SOLID,6
13.541667,7.295674,14.583333,7.295674
13.541667,8.337913,14.583333,8.337913
SOLID,3
14.583333,7.295674,15.625000,7.295674
14.583333,8.337913,15.625000,8.337913
SOLID,5
15.625000,7.295674,17.708333,7.295674
15.625000,8.337913,17.708333,8.337913
SOLID,4
17.708333,5.211196,18.750000,5.211196
17.708333,8.337913,18.750000,8.337913
SOLID,6
18.750000,7.295674,19.791667,7.295674
18.750000,8.337913,19.791667,8.337913
SOLID,7
20.833333,7.295674,22.916667,7.295674
20.833333,8.337913,22.916667,8.337913
SOLID,1
22.916667,7.295674,23.958333,7.295674
22.916667,8.337913,23.958333,8.337913
SOLID,7
23.958333,7.295674,25.000000,7.295674
23.958333,8.337913,25.000000,8.337913
SOLID,1
25.000000,7.295674,26.041667,7.295674
25.000000,8.337913,26.041667,8.337913
SOLID,7
26.041667,7.295674,27.083333,7.295674
26.041667,8.337913,27.083333,8.337913
SOLID,1
27.083333,7.295674,28.125000,7.295674
27.083333,8.337913,28.125000,8.337913
SOLID,6
28.125000,7.295674,29.166667,7.295674
28.125000,8.337913,29.166667,8.337913
SOLID,4
29.166667,7.295674,31.250000,7.295674
29.166667,8.337913,31.250000,8.337913
SOLID,3
31.250000,7.295674,32.291667,7.295674
31.250000,8.337913,32.291667,8.337913
SOLID,6
32.291667,7.295674,33.333333,7.295674
32.291667,8.337913,33.333333,8.337913
SOLID,7
33.333333,7.295674,34.375000,7.295674
33.333333,8.337913,34.375000,8.337913
SOLID,6
34.375000,7.295674,35.416667,7.295674
34.375000,8.337913,35.416667,8.337913
SOLID,4
35.416667,7.295674,36.458333,7.295674
35.416667,8.337913,36.458333,8.337913
SOLID,5
36.458333,7.295674,37.500000,7.295674
36.458333,8.337913,37.500000,8.337913
SOLID,4
37.500000,4.168957,39.583333,4.168957
37.500000,8.337913,39.583333,8.337913
SOLID,4
41.666667,6.253435,42.708333,6.253435
41.666667,8.337913,42.708333,8.337913
SOLID,6
42.708333,7.295674,44.791667,7.295674
42.708333,8.337913,44.791667,8.337913
SOLID,1
44.791667,7.295674,47.916667,7.295674
44.791667,8.337913,47.916667,8.337913
SOLID,3
47.916667,7.295674,48.958333,7.295674
47.916667,8.337913,48.958333,8.337913
SOLID,6
51.041667,5.211196,52.083333,5.211196
51.041667,8.337913,52.083333,8.337913
SOLID,3
52.083333,7.295674,54.166667,7.295674
52.083333,8.337913,54.166667,8.337913
SOLID,6
54.166667,7.295674,60.416667,7.295674
54.166667,8.337913,60.416667,8.337913
SOLID,6
61.458333,7.295674,63.541667,7.295674
61.458333,8.337913,63.541667,8.337913
SOLID,3
63.541667,7.295674,68.750000,7.295674
63.541667,8.337913,68.750000,8.337913
SOLID,6
69.791667,6.253435,70.833333,6.253435
69.791667,8.337913,70.833333,8.337913
SOLID,3
70.833333,7.295674,71.875000,7.295674
70.833333,8.337913,71.875000,8.337913
SOLID,4
77.083333,7.295674,82.291667,7.295674
77.083333,8.337913,82.291667,8.337913
SOLID,4
85.416667,6.253435,86.458333,6.253435
85.416667,8.337913,86.458333,8.337913
SOLID,6
86.458333,6.253435,87.500000,6.253435
86.458333,8.337913,87.500000,8.337913
SOLID,3
87.500000,6.253435,88.541667,6.253435
87.500000,8.337913,88.541667,8.337913
SOLID,6
88.541667,7.295674,89.583333,7.295674
88.541667,8.337913,89.583333,8.337913
SOLID,1
89.583333,7.295674,90.625000,7.295674
89.583333,8.337913,90.625000,8.337913
SOLID,3
90.625000,7.295674,94.791667,7.295674
90.625000,8.337913,94.791667,8.337913
SOLID,4
94.791667,7.295674,97.916667,7.295674
94.791667,8.337913,97.916667,8.337913
SOLID,3
97.916667,7.295674,98.958333,7.295674
97.916667,8.337913,98.958333,8.337913
SOLID,6
98.958333,5.211196,100.000000,5.211196
98.958333,8.337913,100.000000,8.337913
SOLID,4
0.000000,6.253435,6.250000,6.253435
0.000000,7.295674,6.250000,7.295674
SOLID,3
6.250000,6.253435,7.291667,6.253435
6.250000,7.295674,7.291667,7.295674
SOLID,1
7.291667,6.253435,8.333333,6.253435
7.291667,7.295674,8.333333,7.295674
SOLID,2
11.458333,5.211196,12.500000,5.211196
11.458333,7.295674,12.500000,7.295674
SOLID,8
12.500000,6.253435,15.625000,6.253435
12.500000,7.295674,15.625000,7.295674
SOLID,1
15.625000,6.253435,17.708333,6.253435
15.625000,7.295674,17.708333,7.295674
SOLID,4
18.750000,6.253435,21.875000,6.253435
18.750000,7.295674,21.875000,7.295674
SOLID,5
21.875000,6.253435,22.916667,6.253435
21.875000,7.295674,22.916667,7.295674
SOLID,4
22.916667,5.211196,23.958333,5.211196
22.916667,7.295674,23.958333,7.295674
SOLID,5
23.958333,6.253435,28.125000,6.253435
23.958333,7.295674,28.125000,7.295674
SOLID,4
28.125000,6.253435,30.208333,6.253435
28.125000,7.295674,30.208333,7.295674
SOLID,5
30.208333,5.211196,31.250000,5.211196
30.208333,7.295674,31.250000,7.295674
SOLID,4
31.250000,6.253435,33.333333,6.253435
31.250000,7.295674,33.333333,7.295674
SOLID,5
33.333333,6.253435,35.416667,6.253435
33.333333,7.295674,35.416667,7.295674
SOLID,3
35.416667,6.253435,36.458333,6.253435
35.416667,7.295674,36.458333,7.295674
SOLID,4
36.458333,6.253435,37.500000,6.253435
36.458333,7.295674,37.500000,7.295674
SOLID,3
39.583333,6.253435,40.625000,6.253435
39.583333,7.295674,40.625000,7.295674
SOLID,4
40.625000,5.211196,41.666667,5.211196
40.625000,7.295674,41.666667,7.295674
SOLID,3
42.708333,4.168957,44.791667,4.168957
42.708333,7.295674,44.791667,7.295674
SOLID,6
44.791667,6.253435,45.833333,6.253435
44.791667,7.295674,45.833333,7.295674
SOLID,7
45.833333,6.253435,46.875000,6.253435
45.833333,7.295674,46.875000,7.295674
SOLID,6
46.875000,6.253435,48.958333,6.253435
46.875000,7.295674,48.958333,7.295674
SOLID,4
48.958333,5.211196,50.000000,5.211196
48.958333,7.295674,50.000000,7.295674
SOLID,6
50.000000,6.253435,51.041667,6.253435
50.000000,7.295674,51.041667,7.295674
SOLID,6
52.083333,6.253435,53.125000,6.253435
52.083333,7.295674,53.125000,7.295674
SOLID,3
53.125000,6.253435,57.291667,6.253435
53.125000,7.295674,57.291667,7.295674
SOLID,6
57.291667,6.253435,58.333333,6.253435
57.291667,7.295674,58.333333,7.295674
SOLID,3
58.333333,6.253435,61.458333,6.253435
58.333333,7.295674,61.458333,7.295674
SOLID,1
61.458333,6.253435,62.500000,6.253435
61.458333,7.295674,62.500000,7.295674
SOLID,6
62.500000,6.253435,63.541667,6.253435
62.500000,7.295674,63.541667,7.295674
SOLID,3
63.541667,5.211196,65.625000,5.211196
63.541667,7.295674,65.625000,7.295674
SOLID,6
65.625000,2.084478,66.666667,2.084478
65.625000,7.295674,66.666667,7.295674
SOLID,3
66.666667,6.253435,69.791667,6.253435
66.666667,7.295674,69.791667,7.295674
SOLID,6
70.833333,5.211196,72.916667,5.211196
70.833333,7.295674,72.916667,7.295674
SOLID,1
72.916667,6.253435,75.000000,6.253435
72.916667,7.295674,75.000000,7.295674
SOLID,6
75.000000,6.253435,77.083333,6.253435
75.000000,7.295674,77.083333,7.295674
SOLID,3
77.083333,6.253435,78.125000,6.253435
77.083333,7.295674,78.125000,7.295674
SOLID,6
78.125000,5.211196,79.166667,5.211196
78.125000,7.295674,79.166667,7.295674
SOLID,4
79.166667,6.253435,80.208333,6.253435
79.166667,7.295674,80.208333,7.295674
SOLID,6
80.208333,6.253435,82.291667,6.253435
80.208333,7.295674,82.291667,7.295674
SOLID,4
82.291667,6.253435,83.333333,6.253435
82.291667,7.295674,83.333333,7.295674
SOLID,3
83.333333,6.253435,84.375000,6.253435
83.333333,7.295674,84.375000,7.295674
SOLID,1
88.541667,6.253435,89.583333,6.253435
88.541667,7.295674,89.583333,7.295674
SOLID,7
89.583333,6.253435,90.625000,6.253435
89.583333,7.295674,90.625000,7.295674
SOLID,3
90.625000,6.253435,91.666667,6.253435
90.625000,7.295674,91.666667,7.295674
SOLID,6
91.666667,5.211196,92.708333,5.211196
91.666667,7.295674,92.708333,7.295674
SOLID,3
92.708333,5.211196,93.750000,5.211196
92.708333,7.295674,93.750000,7.295674
SOLID,4
93.750000,6.253435,94.791667,6.253435
93.750000,7.295674,94.791667,7.295674
SOLID,5
94.791667,4.168957,96.875000,4.168957
94.791667,7.295674,96.875000,7.295674
SOLID,4
96.875000,6.253435,98.958333,6.253435
96.875000,7.295674,98.958333,7.295674
SOLID,3
0.000000,1.042239,1.041667,1.042239
0.000000,6.253435,1.041667,6.253435
SOLID,4
1.041667,5.211196,6.250000,5.211196
1.041667,6.253435,6.250000,6.253435
SOLID,6
6.250000,5.211196,8.333333,5.211196
6.250000,6.253435,8.333333,6.253435
SOLID,7
10.416667,5.211196,11.458333,5.211196
10.416667,6.253435,11.458333,6.253435
SOLID,2
12.500000,5.211196,15.625000,5.211196
12.500000,6.253435,15.625000,6.253435
SOLID,1
15.625000,4.168957,16.666667,4.168957
15.625000,6.253435,16.666667,6.253435
SOLID,7
16.666667,5.211196,17.708333,5.211196
16.666667,6.253435,17.708333,6.253435
SOLID,4
18.750000,5.211196,20.833333,5.211196
18.750000,6.253435,20.833333,6.253435
SOLID,3
20.833333,5.211196,21.875000,5.211196
20.833333,6.253435,21.875000,6.253435
SOLID,4
21.875000,5.211196,22.916667,5.211196
21.875000,6.253435,22.916667,6.253435
SOLID,5
23.958333,5.211196,27.083333,5.211196
23.958333,6.253435,27.083333,6.253435
SOLID,4
27.083333,3.126718,28.125000,3.126718
27.083333,6.253435,28.125000,6.253435
SOLID,5
28.125000,4.168957,30.208333,4.168957
28.125000,6.253435,30.208333,6.253435
SOLID,5
31.250000,5.211196,32.291667,5.211196
31.250000,6.253435,32.291667,6.253435
SOLID,3
32.291667,3.126718,33.333333,3.126718
32.291667,6.253435,33.333333,6.253435
SOLID,6
33.333333,5.211196,35.416667,5.211196
33.333333,6.253435,35.416667,6.253435
SOLID,4
35.416667,5.211196,36.458333,5.211196
35.416667,6.253435,36.458333,6.253435
SOLID,5
36.458333,3.126718,37.500000,3.126718
36.458333,6.253435,37.500000,6.253435
SOLID,4
39.583333,3.126718,40.625000,3.126718
39.583333,6.253435,40.625000,6.253435
SOLID,3
41.666667,5.211196,42.708333,5.211196
41.666667,6.253435,42.708333,6.253435
SOLID,3
44.791667,5.211196,45.833333,5.211196
44.791667,6.253435,45.833333,6.253435
SOLID,1
45.833333,5.211196,46.875000,5.211196
45.833333,6.253435,46.875000,6.253435
SOLID,6
46.875000,5.211196,47.916667,5.211196
46.875000,6.253435,47.916667,6.253435
SOLID,4
47.916667,4.168957,48.958333,4.168957
47.916667,6.253435,48.958333,6.253435
SOLID,3
50.000000,5.211196,51.041667,5.211196
50.000000,6.253435,51.041667,6.253435
SOLID,3
52.083333,5.211196,53.125000,5.211196
52.083333,6.253435,53.125000,6.253435
SOLID,6
53.125000,3.126718,54.166667,3.126718
53.125000,6.253435,54.166667,6.253435
SOLID,3
54.166667,5.211196,58.333333,5.211196
54.166667,6.253435,58.333333,6.253435
SOLID,6
58.333333,5.211196,59.375000,5.211196
58.333333,6.253435,59.375000,6.253435
SOLID,3
59.375000,4.168957,60.416667,4.168957
59.375000,6.253435,60.416667,6.253435
SOLID,4
60.416667,5.211196,62.500000,5.211196
60.416667,6.253435,62.500000,6.253435
SOLID,3
62.500000,5.211196,63.541667,5.211196
62.500000,6.253435,63.541667,6.253435
SOLID,4
66.666667,4.168957,67.708333,4.168957
66.666667,6.253435,67.708333,6.253435
SOLID,3
67.708333,5.211196,69.791667,5.211196
67.708333,6.253435,69.791667,6.253435
SOLID,1
69.791667,5.211196,70.833333,5.211196
69.791667,6.253435,70.833333,6.253435
SOLID,6
72.916667,3.126718,76.041667,3.126718
72.916667,6.253435,76.041667,6.253435
SOLID,3
76.041667,5.211196,77.083333,5.211196
76.041667,6.253435,77.083333,6.253435
SOLID,6
77.083333,5.211196,78.125000,5.211196
77.083333,6.253435,78.125000,6.253435
SOLID,3
79.166667,3.126718,80.208333,3.126718
79.166667,6.253435,80.208333,6.253435
SOLID,1
80.208333,5.211196,81.250000,5.211196
80.208333,6.253435,81.250000,6.253435
SOLID,7
81.250000,5.211196,82.291667,5.211196
81.250000,6.253435,82.291667,6.253435
SOLID,6
82.291667,5.211196,85.416667,5.211196
82.291667,6.253435,85.416667,6.253435
SOLID,5
85.416667,5.211196,87.500000,5.211196
85.416667,6.253435,87.500000,6.253435
SOLID,4
87.500000,5.211196,88.541667,5.211196
87.500000,6.253435,88.541667,6.253435
SOLID,3
88.541667,5.211196,90.625000,5.211196
88.541667,6.253435,90.625000,6.253435
SOLID,4
90.625000,4.168957,91.666667,4.168957
90.625000,6.253435,91.666667,6.253435
SOLID,5
93.750000,4.168957,94.791667,4.168957
93.750000,6.253435,94.791667,6.253435
SOLID,5
96.875000,4.168957,97.916667,4.168957
96.875000,6.253435,97.916667,6.253435
SOLID,4
97.916667,3.126718,98.958333,3.126718
97.916667,6.253435,98.958333,6.253435
SOLID,4
1.041667,4.168957,4.166667,4.168957
1.041667,5.211196,4.166667,5.211196
SOLID,3
4.166667,4.168957,5.208333,4.168957
4.166667,5.211196,5.208333,5.211196
SOLID,4
5.208333,4.168957,8.333333,4.168957
5.208333,5.211196,8.333333,5.211196
SOLID,1
8.333333,4.168957,9.375000,4.168957
8.333333,5.211196,9.375000,5.211196
SOLID,3
9.375000,3.126718,10.416667,3.126718
9.375000,5.211196,10.416667,5.211196
SOLID,6
10.416667,3.126718,11.458333,3.126718
10.416667,5.211196,11.458333,5.211196
SOLID,8
11.458333,4.168957,13.541667,4.168957
11.458333,5.211196,13.541667,5.211196
SOLID,2
13.541667,4.168957,14.583333,4.168957
13.541667,5.211196,14.583333,5.211196
SOLID,7
14.583333,4.168957,15.625000,4.168957
14.583333,5.211196,15.625000,5.211196
SOLID,6
16.666667,4.168957,17.708333,4.168957
16.666667,5.211196,17.708333,5.211196
SOLID,5
17.708333,3.126718,25.000000,3.126718
17.708333,5.211196,25.000000,5.211196
SOLID,4
25.000000,4.168957,27.083333,4.168957
25.000000,5.211196,27.083333,5.211196
SOLID,4
30.208333,4.168957,32.291667,4.168957
30.208333,5.211196,32.291667,5.211196
SOLID,1
33.333333,4.168957,35.416667,4.168957
33.333333,5.211196,35.416667,5.211196
SOLID,3
35.416667,4.168957,36.458333,4.168957
35.416667,5.211196,36.458333,5.211196
SOLID,3
40.625000,2.084478,41.666667,2.084478
40.625000,5.211196,41.666667,5.211196
SOLID,4
41.666667,3.126718,42.708333,3.126718
41.666667,5.211196,42.708333,5.211196
SOLID,4
44.791667,3.126718,46.875000,3.126718
44.791667,5.211196,46.875000,5.211196
SOLID,3
46.875000,4.168957,47.916667,4.168957
46.875000,5.211196,47.916667,5.211196
SOLID,3
48.958333,3.126718,50.000000,3.126718
48.958333,5.211196,50.000000,5.211196
SOLID,6
50.000000,2.084478,51.041667,2.084478
50.000000,5.211196,51.041667,5.211196
SOLID,1
51.041667,3.126718,52.083333,3.126718
51.041667,5.211196,52.083333,5.211196
SOLID,6
52.083333,3.126718,53.125000,3.126718
52.083333,5.211196,53.125000,5.211196
SOLID,4
54.166667,3.126718,55.208333,3.126718
54.166667,5.211196,55.208333,5.211196
SOLID,3
55.208333,4.168957,59.375000,4.168957
55.208333,5.211196,59.375000,5.211196
SOLID,6
60.416667,3.126718,61.458333,3.126718
60.416667,5.211196,61.458333,5.211196
SOLID,3
61.458333,3.126718,62.500000,3.126718
61.458333,5.211196,62.500000,5.211196
SOLID,6
62.500000,4.168957,64.583333,4.168957
62.500000,5.211196,64.583333,5.211196
SOLID,3
64.583333,4.168957,65.625000,4.168957
64.583333,5.211196,65.625000,5.211196
SOLID,5
67.708333,4.168957,69.791667,4.168957
67.708333,5.211196,69.791667,5.211196
SOLID,4
69.791667,3.126718,70.833333,3.126718
69.791667,5.211196,70.833333,5.211196
SOLID,3
70.833333,0.000000,71.875000,0.000000
70.833333,5.211196,71.875000,5.211196
SOLID,6
71.875000,3.126718,72.916667,3.126718
71.875000,5.211196,72.916667,5.211196
SOLID,4
76.041667,2.084478,77.083333,2.084478
76.041667,5.211196,77.083333,5.211196
SOLID,3
77.083333,4.168957,79.166667,4.168957
77.083333,5.211196,79.166667,5.211196
SOLID,3
80.208333,4.168957,81.250000,4.168957
80.208333,5.211196,81.250000,5.211196
SOLID,6
81.250000,4.168957,83.333333,4.168957
81.250000,5.211196,83.333333,5.211196
SOLID,1
83.333333,4.168957,85.416667,4.168957
83.333333,5.211196,85.416667,5.211196
SOLID,4
85.416667,3.126718,86.458333,3.126718
85.416667,5.211196,86.458333,5.211196
SOLID,3
86.458333,4.168957,88.541667,4.168957
86.458333,5.211196,88.541667,5.211196
SOLID,4
88.541667,4.168957,90.625000,4.168957
88.541667,5.211196,90.625000,5.211196
SOLID,4
91.666667,4.168957,92.708333,4.168957
91.666667,5.211196,92.708333,5.211196
SOLID,5
92.708333,4.168957,93.750000,4.168957
92.708333,5.211196,93.750000,5.211196
SOLID,1
98.958333,4.168957,100.000000,4.168957
98.958333,5.211196,100.000000,5.211196
SOLID,3
1.041667,3.126718,3.125000,3.126718
1.041667,4.168957,3.125000,4.168957
SOLID,4
3.125000,3.126718,5.208333,3.126718
3.125000,4.168957,5.208333,4.168957
SOLID,3
5.208333,1.042239,6.250000,1.042239
5.208333,4.168957,6.250000,4.168957
SOLID,4
6.250000,2.084478,8.333333,2.084478
6.250000,4.168957,8.333333,4.168957
SOLID,7
8.333333,0.000000,9.375000,0.000000
8.333333,4.168957,9.375000,4.168957
SOLID,6
11.458333,3.126718,13.541667,3.126718
11.458333,4.168957,13.541667,4.168957
SOLID,4
13.541667,3.126718,14.583333,3.126718
13.541667,4.168957,14.583333,4.168957
SOLID,3
14.583333,3.126718,15.625000,3.126718
14.583333,4.168957,15.625000,4.168957
SOLID,6
15.625000,3.126718,16.666667,3.126718
15.625000,4.168957,16.666667,4.168957
SOLID,4
16.666667,1.042239,17.708333,1.042239
16.666667,4.168957,17.708333,4.168957
SOLID,3
25.000000,3.126718,27.083333,3.126718
25.000000,4.168957,27.083333,4.168957
SOLID,4
28.125000,3.126718,31.250000,3.126718
28.125000,4.168957,31.250000,4.168957
SOLID,3
31.250000,3.126718,32.291667,3.126718
31.250000,4.168957,32.291667,4.168957
SOLID,7
33.333333,3.126718,34.375000,3.126718
33.333333,4.168957,34.375000,4.168957
SOLID,1
34.375000,3.126718,35.416667,3.126718
34.375000,4.168957,35.416667,4.168957
SOLID,5
35.416667,3.126718,36.458333,3.126718
35.416667,4.168957,36.458333,4.168957
SOLID,5
37.500000,3.126718,38.541667,3.126718
37.500000,4.168957,38.541667,4.168957
SOLID,4
38.541667,3.126718,39.583333,3.126718
38.541667,4.168957,39.583333,4.168957
SOLID,4
42.708333,3.126718,43.750000,3.126718
42.708333,4.168957,43.750000,4.168957
SOLID,3
43.750000,3.126718,44.791667,3.126718
43.750000,4.168957,44.791667,4.168957
SOLID,4
46.875000,3.126718,47.916667,3.126718
46.875000,4.168957,47.916667,4.168957
SOLID,3
47.916667,3.126718,48.958333,3.126718
47.916667,4.168957,48.958333,4.168957
SOLID,6
55.208333,3.126718,56.250000,3.126718
55.208333,4.168957,56.250000,4.168957
SOLID,3
56.250000,1.042239,57.291667,1.042239
56.250000,4.168957,57.291667,4.168957
SOLID,6
57.291667,0.000000,58.333333,0.000000
57.291667,4.168957,58.333333,4.168957
SOLID,1
58.333333,3.126718,59.375000,3.126718
58.333333,4.168957,59.375000,4.168957
SOLID,6
59.375000,2.084478,60.416667,2.084478
59.375000,4.168957,60.416667,4.168957
SOLID,6
62.500000,3.126718,63.541667,3.126718
62.500000,4.168957,63.541667,4.168957
SOLID,3
63.541667,1.042239,64.583333,1.042239
63.541667,4.168957,64.583333,4.168957
SOLID,7
64.583333,3.126718,65.625000,3.126718
64.583333,4.168957,65.625000,4.168957
SOLID,3
66.666667,2.084478,67.708333,2.084478
66.666667,4.168957,67.708333,4.168957
SOLID,4
67.708333,3.126718,69.791667,3.126718
67.708333,4.168957,69.791667,4.168957
SOLID,4
77.083333,2.084478,78.125000,2.084478
77.083333,4.168957,78.125000,4.168957
SOLID,3
78.125000,2.084478,79.166667,2.084478
78.125000,4.168957,79.166667,4.168957
SOLID,6
80.208333,3.126718,81.250000,3.126718
80.208333,4.168957,81.250000,4.168957
SOLID,1
81.250000,3.126718,82.291667,3.126718
81.250000,4.168957,82.291667,4.168957
SOLID,3
82.291667,3.126718,83.333333,3.126718
82.291667,4.168957,83.333333,4.168957
SOLID,6
83.333333,2.084478,84.375000,2.084478
83.333333,4.168957,84.375000,4.168957
SOLID,1
84.375000,2.084478,85.416667,2.084478
84.375000,4.168957,85.416667,4.168957
SOLID,4
86.458333,2.084478,88.541667,2.084478
86.458333,4.168957,88.541667,4.168957
SOLID,3
88.541667,3.126718,91.666667,3.126718
88.541667,4.168957,91.666667,4.168957
SOLID,6
91.666667,3.126718,94.791667,3.126718
91.666667,4.168957,94.791667,4.168957
SOLID,3
94.791667,3.126718,96.875000,3.126718
94.791667,4.168957,96.875000,4.168957
SOLID,4
96.875000,3.126718,97.916667,3.126718
96.875000,4.168957,97.916667,4.168957
SOLID,3
98.958333,3.126718,100.000000,3.126718
98.958333,4.168957,100.000000,4.168957
SOLID,4
1.041667,2.084478,4.166667,2.084478
1.041667,3.126718,4.166667,3.126718
SOLID,3
4.166667,0.000000,5.208333,0.000000
4.166667,3.126718,5.208333,3.126718
SOLID,4
9.375000,2.084478,11.458333,2.084478
9.375000,3.126718,11.458333,3.126718
SOLID,3
11.458333,1.042239,12.500000,1.042239
11.458333,3.126718,12.500000,3.126718
SOLID,4
12.500000,2.084478,13.541667,2.084478
12.500000,3.126718,13.541667,3.126718
SOLID,3
13.541667,1.042239,14.583333,1.042239
13.541667,3.126718,14.583333,3.126718
SOLID,4
14.583333,1.042239,15.625000,1.042239
14.583333,3.126718,15.625000,3.126718
SOLID,3
15.625000,2.084478,16.666667,2.084478
15.625000,3.126718,16.666667,3.126718
SOLID,4
17.708333,2.084478,20.833333,2.084478
17.708333,3.126718,20.833333,3.126718
SOLID,5
20.833333,2.084478,22.916667,2.084478
20.833333,3.126718,22.916667,3.126718
SOLID,4
22.916667,2.084478,23.958333,2.084478
22.916667,3.126718,23.958333,3.126718
SOLID,5
23.958333,2.084478,25.000000,2.084478
23.958333,3.126718,25.000000,3.126718
SOLID,3
25.000000,2.084478,26.041667,2.084478
25.000000,3.126718,26.041667,3.126718
SOLID,6
26.041667,2.084478,28.125000,2.084478
26.041667,3.126718,28.125000,3.126718
SOLID,3
28.125000,1.042239,29.166667,1.042239
28.125000,3.126718,29.166667,3.126718
SOLID,4
29.166667,2.084478,30.208333,2.084478
29.166667,3.126718,30.208333,3.126718
SOLID,3
30.208333,1.042239,31.250000,1.042239
30.208333,3.126718,31.250000,3.126718
SOLID,4
31.250000,2.084478,38.541667,2.084478
31.250000,3.126718,38.541667,3.126718
SOLID,3
38.541667,2.084478,40.625000,2.084478
38.541667,3.126718,40.625000,3.126718
SOLID,3
41.666667,2.084478,42.708333,2.084478
41.666667,3.126718,42.708333,3.126718
SOLID,6
42.708333,2.084478,44.791667,2.084478
42.708333,3.126718,44.791667,3.126718
SOLID,3
44.791667,2.084478,47.916667,2.084478
44.791667,3.126718,47.916667,3.126718
SOLID,6
47.916667,2.084478,50.000000,2.084478
47.916667,3.126718,50.000000,3.126718
SOLID,6
51.041667,2.084478,52.083333,2.084478
51.041667,3.126718,52.083333,3.126718
SOLID,3
52.083333,2.084478,54.166667,2.084478
52.083333,3.126718,54.166667,3.126718
SOLID,1
54.166667,2.084478,55.208333,2.084478
54.166667,3.126718,55.208333,3.126718
SOLID,7
55.208333,2.084478,56.250000,2.084478
55.208333,3.126718,56.250000,3.126718
SOLID,6
58.333333,2.084478,59.375000,2.084478
58.333333,3.126718,59.375000,3.126718
SOLID,4
60.416667,2.084478,62.500000,2.084478
60.416667,3.126718,62.500000,3.126718
SOLID,3
62.500000,1.042239,63.541667,1.042239
62.500000,3.126718,63.541667,3.126718
SOLID,6
64.583333,2.084478,65.625000,2.084478
64.583333,3.126718,65.625000,3.126718
SOLID,3
67.708333,2.084478,70.833333,2.084478
67.708333,3.126718,70.833333,3.126718
SOLID,4
71.875000,2.084478,72.916667,2.084478
71.875000,3.126718,72.916667,3.126718
SOLID,6
72.916667,0.000000,73.958333,0.000000
72.916667,3.126718,73.958333,3.126718
SOLID,4
73.958333,2.084478,75.000000,2.084478
73.958333,3.126718,75.000000,3.126718
SOLID,6
75.000000,0.000000,76.041667,0.000000
75.000000,3.126718,76.041667,3.126718
SOLID,6
79.166667,0.000000,80.208333,0.000000
79.166667,3.126718,80.208333,3.126718
SOLID,1
80.208333,1.042239,81.250000,1.042239
80.208333,3.126718,81.250000,3.126718
SOLID,7
81.250000,1.042239,82.291667,1.042239
81.250000,3.126718,82.291667,3.126718
SOLID,6
82.291667,0.000000,83.333333,0.000000
82.291667,3.126718,83.333333,3.126718
SOLID,3
85.416667,1.042239,86.458333,1.042239
85.416667,3.126718,86.458333,3.126718
SOLID,4
88.541667,0.000000,90.625000,0.000000
88.541667,3.126718,90.625000,3.126718
SOLID,3
90.625000,2.084478,95.833333,2.084478
90.625000,3.126718,95.833333,3.126718
SOLID,6
95.833333,2.084478,98.958333,2.084478
95.833333,3.126718,98.958333,3.126718
SOLID,1
98.958333,2.084478,100.000000,2.084478
98.958333,3.126718,100.000000,3.126718
SOLID,3
1.041667,0.000000,4.166667,0.000000
1.041667,2.084478,4.166667,2.084478
SOLID,3
6.250000,1.042239,8.333333,1.042239
6.250000,2.084478,8.333333,2.084478
SOLID,6
9.375000,0.000000,10.416667,0.000000
9.375000,2.084478,10.416667,2.084478
SOLID,3
10.416667,1.042239,11.458333,1.042239
10.416667,2.084478,11.458333,2.084478
SOLID,3
12.500000,1.042239,13.541667,1.042239
12.500000,2.084478,13.541667,2.084478
SOLID,4
15.625000,1.042239,16.666667,1.042239
15.625000,2.084478,16.666667,2.084478
SOLID,4
17.708333,1.042239,18.750000,1.042239
17.708333,2.084478,18.750000,2.084478
SOLID,3
18.750000,0.000000,21.875000,0.000000
18.750000,2.084478,21.875000,2.084478
SOLID,6
21.875000,1.042239,23.958333,1.042239
21.875000,2.084478,23.958333,2.084478
SOLID,3
23.958333,1.042239,25.000000,1.042239
23.958333,2.084478,25.000000,2.084478
SOLID,4
25.000000,1.042239,26.041667,1.042239
25.000000,2.084478,26.041667,2.084478
SOLID,3
26.041667,1.042239,27.083333,1.042239
26.041667,2.084478,27.083333,2.084478
SOLID,6
27.083333,0.000000,28.125000,0.000000
27.083333,2.084478,28.125000,2.084478
SOLID,3
29.166667,0.000000,30.208333,0.000000
29.166667,2.084478,30.208333,2.084478
SOLID,4
31.250000,1.042239,35.416667,1.042239
31.250000,2.084478,35.416667,2.084478
SOLID,3
35.416667,1.042239,39.583333,1.042239
35.416667,2.084478,39.583333,2.084478
SOLID,6
39.583333,0.000000,40.625000,0.000000
39.583333,2.084478,40.625000,2.084478
SOLID,4
40.625000,1.042239,43.750000,1.042239
40.625000,2.084478,43.750000,2.084478
SOLID,6
43.750000,1.042239,44.791667,1.042239
43.750000,2.084478,44.791667,2.084478
SOLID,3
44.791667,1.042239,45.833333,1.042239
44.791667,2.084478,45.833333,2.084478
SOLID,6
45.833333,0.000000,47.916667,0.000000
45.833333,2.084478,47.916667,2.084478
SOLID,1
47.916667,0.000000,48.958333,0.000000
47.916667,2.084478,48.958333,2.084478
SOLID,3
48.958333,1.042239,50.000000,1.042239
48.958333,2.084478,50.000000,2.084478
SOLID,4
50.000000,0.000000,53.125000,0.000000
50.000000,2.084478,53.125000,2.084478
SOLID,6
53.125000,0.000000,54.166667,0.000000
53.125000,2.084478,54.166667,2.084478
SOLID,3
54.166667,1.042239,56.250000,1.042239
54.166667,2.084478,56.250000,2.084478
SOLID,3
58.333333,1.042239,60.416667,1.042239
58.333333,2.084478,60.416667,2.084478
SOLID,6
60.416667,0.000000,61.458333,0.000000
60.416667,2.084478,61.458333,2.084478
SOLID,3
61.458333,1.042239,62.500000,1.042239
61.458333,2.084478,62.500000,2.084478
SOLID,3
64.583333,1.042239,66.666667,1.042239
64.583333,2.084478,66.666667,2.084478
SOLID,4
66.666667,1.042239,70.833333,1.042239
66.666667,2.084478,70.833333,2.084478
SOLID,6
71.875000,1.042239,72.916667,1.042239
71.875000,2.084478,72.916667,2.084478
SOLID,3
73.958333,0.000000,75.000000,0.000000
73.958333,2.084478,75.000000,2.084478
SOLID,6
76.041667,1.042239,77.083333,1.042239
76.041667,2.084478,77.083333,2.084478
SOLID,1
77.083333,1.042239,78.125000,1.042239
77.083333,2.084478,78.125000,2.084478
SOLID,6
78.125000,0.000000,79.166667,0.000000
78.125000,2.084478,79.166667,2.084478
SOLID,7
83.333333,1.042239,85.416667,1.042239
83.333333,2.084478,85.416667,2.084478
SOLID,3
86.458333,0.000000,87.500000,0.000000
86.458333,2.084478,87.500000,2.084478
SOLID,4
87.500000,1.042239,88.541667,1.042239
87.500000,2.084478,88.541667,2.084478
SOLID,4
90.625000,0.000000,91.666667,0.000000
90.625000,2.084478,91.666667,2.084478
SOLID,3
91.666667,1.042239,95.833333,1.042239
91.666667,2.084478,95.833333,2.084478
SOLID,4
95.833333,1.042239,96.875000,1.042239
95.833333,2.084478,96.875000,2.084478
SOLID,3
96.875000,0.000000,98.958333,0.000000
96.875000,2.084478,98.958333,2.084478
SOLID,6
98.958333,0.000000,100.000000,0.000000
98.958333,2.084478,100.000000,2.084478
SOLID,6
0.000000,0.000000,1.041667,0.000000
0.000000,1.042239,1.041667,1.042239
SOLID,6
5.208333,0.000000,6.250000,0.000000
5.208333,1.042239,6.250000,1.042239
SOLID,3
6.250000,0.000000,7.291667,0.000000
6.250000,1.042239,7.291667,1.042239
SOLID,6
7.291667,0.000000,8.333333,0.000000
7.291667,1.042239,8.333333,1.042239
SOLID,1
10.416667,0.000000,11.458333,0.000000
10.416667,1.042239,11.458333,1.042239
SOLID,6
11.458333,0.000000,16.666667,0.000000
11.458333,1.042239,16.666667,1.042239
SOLID,3
16.666667,0.000000,18.750000,0.000000
16.666667,1.042239,18.750000,1.042239
SOLID,1
21.875000,0.000000,26.041667,0.000000
21.875000,1.042239,26.041667,1.042239
SOLID,6
26.041667,0.000000,27.083333,0.000000
26.041667,1.042239,27.083333,1.042239
SOLID,6
28.125000,0.000000,29.166667,0.000000
28.125000,1.042239,29.166667,1.042239
SOLID,4
30.208333,0.000000,32.291667,0.000000
30.208333,1.042239,32.291667,1.042239
SOLID,3
32.291667,0.000000,33.333333,0.000000
32.291667,1.042239,33.333333,1.042239
SOLID,6
33.333333,0.000000,37.500000,0.000000
33.333333,1.042239,37.500000,1.042239
SOLID,4
37.500000,0.000000,38.541667,0.000000
37.500000,1.042239,38.541667,1.042239
SOLID,6
38.541667,0.000000,39.583333,0.000000
38.541667,1.042239,39.583333,1.042239
SOLID,3
40.625000,0.000000,43.750000,0.000000
40.625000,1.042239,43.750000,1.042239
SOLID,1
43.750000,0.000000,44.791667,0.000000
43.750000,1.042239,44.791667,1.042239
SOLID,6
44.791667,0.000000,45.833333,0.000000
44.791667,1.042239,45.833333,1.042239
SOLID,6
48.958333,0.000000,50.000000,0.000000
48.958333,1.042239,50.000000,1.042239
SOLID,6
54.166667,0.000000,57.291667,0.000000
54.166667,1.042239,57.291667,1.042239
SOLID,6
58.333333,0.000000,60.416667,0.000000
58.333333,1.042239,60.416667,1.042239
SOLID,6
61.458333,0.000000,67.708333,0.000000
61.458333,1.042239,67.708333,1.042239
SOLID,3
67.708333,0.000000,69.791667,0.000000
67.708333,1.042239,69.791667,1.042239
SOLID,4
69.791667,0.000000,70.833333,0.000000
69.791667,1.042239,70.833333,1.042239
SOLID,3
71.875000,0.000000,72.916667,0.000000
71.875000,1.042239,72.916667,1.042239
SOLID,3
76.041667,0.000000,77.083333,0.000000
76.041667,1.042239,77.083333,1.042239
SOLID,6
77.083333,0.000000,78.125000,0.000000
77.083333,1.042239,78.125000,1.042239
SOLID,6
80.208333,0.000000,81.250000,0.000000
80.208333,1.042239,81.250000,1.042239
SOLID,1
81.250000,0.000000,82.291667,0.000000
81.250000,1.042239,82.291667,1.042239
SOLID,6
83.333333,0.000000,84.375000,0.000000
83.333333,1.042239,84.375000,1.042239
SOLID,1
84.375000,0.000000,85.416667,0.000000
84.375000,1.042239,85.416667,1.042239
SOLID,6
85.416667,0.000000,86.458333,0.000000
85.416667,1.042239,86.458333,1.042239
SOLID,3
87.500000,0.000000,88.541667,0.000000
87.500000,1.042239,88.541667,1.042239
SOLID,3
91.666667,0.000000,93.750000,0.000000
91.666667,1.042239,93.750000,1.042239
SOLID,6
93.750000,0.000000,94.791667,0.000000
93.750000,1.042239,94.791667,1.042239
SOLID,3
94.791667,0.000000,96.875000,0.000000
94.791667,1.042239,96.875000,1.042239
LINE,9
0.000000,130.279898,100.000000,130.279898
LINE,9
3.125000,129.237659,4.166667,129.237659
LINE,9
6.250000,129.237659,8.333333,129.237659
LINE,9
50.000000,129.237659,52.083333,129.237659
LINE,9
55.208333,129.237659,63.541667,129.237659
LINE,9
71.875000,129.237659,72.916667,129.237659
LINE,9
3.125000,128.195420,4.166667,128.195420
LINE,9
7.291667,128.195420,8.333333,128.195420
LINE,9
52.083333,128.195420,55.208333,128.195420
LINE,9
63.541667,128.195420,67.708333,128.195420
LINE,9
72.916667,128.195420,73.958333,128.195420
LINE,9
84.375000,128.195420,85.416667,128.195420
LINE,9
3.125000,127.153180,4.166667,127.153180
LINE,9
67.708333,127.153180,71.875000,127.153180
LINE,9
83.333333,127.153180,84.375000,127.153180
LINE,9
5.208333,126.110941,7.291667,126.110941
LINE,9
72.916667,126.110941,73.958333,126.110941
LINE,9
82.291667,126.110941,83.333333,126.110941
LINE,9
3.125000,125.068702,5.208333,125.068702
LINE,9
73.958333,125.068702,82.291667,125.068702
LINE,9
66.666667,121.941985,68.750000,121.941985
LINE,9
66.666667,119.857506,68.750000,119.857506
LINE,9
45.833333,117.773028,46.875000,117.773028
LINE,9
17.708333,114.646310,20.833333,114.646310
LINE,9
68.750000,114.646310,69.791667,114.646310
LINE,9
70.833333,114.646310,71.875000,114.646310
LINE,9
21.875000,113.604071,22.916667,113.604071
LINE,9
66.666667,113.604071,68.750000,113.604071
LINE,9
69.791667,113.604071,70.833333,113.604071
LINE,9
71.875000,113.604071,72.916667,113.604071
LINE,9
20.833333,112.561832,21.875000,112.561832
LINE,9
22.916667,112.561832,23.958333,112.561832
LINE,9
45.833333,112.561832,46.875000,112.561832
LINE,9
65.625000,112.561832,66.666667,112.561832
LINE,9
72.916667,112.561832,75.000000,112.561832
LINE,9
86.458333,112.561832,87.500000,112.561832
LINE,9
17.708333,111.519593,19.791667,111.519593
LINE,9
22.916667,111.519593,23.958333,111.519593
LINE,9
75.000000,111.519593,76.041667,111.519593
LINE,9
85.416667,111.519593,86.458333,111.519593
LINE,9
87.500000,111.519593,91.666667,111.519593
LINE,9
19.791667,110.477354,22.916667,110.477354
LINE,9
31.250000,110.477354,34.375000,110.477354
LINE,9
91.666667,110.477354,93.750000,110.477354
LINE,9
26.041667,109.435114,31.250000,109.435114
LINE,9
76.041667,109.435114,77.083333,109.435114
LINE,9
91.666667,109.435114,93.750000,109.435114
LINE,9
98.958333,109.435114,100.000000,109.435114
LINE,9
26.041667,108.392875,27.083333,108.392875
LINE,9
34.375000,108.392875,35.416667,108.392875
LINE,9
45.833333,108.392875,47.916667,108.392875
LINE,9
48.958333,108.392875,52.083333,108.392875
LINE,9
61.458333,108.392875,65.625000,108.392875
LINE,9
77.083333,108.392875,78.125000,108.392875
LINE,9
80.208333,108.392875,82.291667,108.392875
LINE,9
85.416667,108.392875,86.458333,108.392875
LINE,9
87.500000,108.392875,91.666667,108.392875
LINE,9
98.958333,108.392875,100.000000,108.392875
LINE,9
27.083333,107.350636,28.125000,107.350636
LINE,9
35.416667,107.350636,36.458333,107.350636
LINE,9
52.083333,107.350636,54.166667,107.350636
LINE,9
78.125000,107.350636,80.208333,107.350636
LINE,9
82.291667,107.350636,83.333333,107.350636
LINE,9
87.500000,107.350636,92.708333,107.350636
LINE,9
97.916667,107.350636,98.958333,107.350636
LINE,9
28.125000,106.308397,29.166667,106.308397
LINE,9
33.333333,106.308397,34.375000,106.308397
LINE,9
36.458333,106.308397,38.541667,106.308397
LINE,9
54.166667,106.308397,57.291667,106.308397
LINE,9
60.416667,106.308397,61.458333,106.308397
LINE,9
92.708333,106.308397,93.750000,106.308397
LINE,9
96.875000,106.308397,97.916667,106.308397
LINE,9
98.958333,106.308397,100.000000,106.308397
LINE,9
29.166667,105.266158,30.208333,105.266158
LINE,9
33.333333,105.266158,34.375000,105.266158
LINE,9
38.541667,105.266158,39.583333,105.266158
LINE,9
45.833333,105.266158,46.875000,105.266158
LINE,9
57.291667,105.266158,60.416667,105.266158
LINE,9
86.458333,105.266158,87.500000,105.266158
LINE,9
89.583333,105.266158,93.750000,105.266158
LINE,9
95.833333,105.266158,96.875000,105.266158
LINE,9
38.541667,104.223918,39.583333,104.223918
LINE,9
47.916667,104.223918,50.000000,104.223918
LINE,9
83.333333,104.223918,84.375000,104.223918
LINE,9
87.500000,104.223918,89.583333,104.223918
LINE,9
95.833333,104.223918,96.875000,104.223918
LINE,9
38.541667,103.181679,39.583333,103.181679
LINE,9
47.916667,103.181679,48.958333,103.181679
LINE,9
83.333333,103.181679,84.375000,103.181679
LINE,9
87.500000,103.181679,88.541667,103.181679
LINE,9
95.833333,103.181679,97.916667,103.181679
LINE,9
28.125000,102.139440,30.208333,102.139440
LINE,9
39.583333,102.139440,40.625000,102.139440
LINE,9
47.916667,102.139440,48.958333,102.139440
LINE,9
87.500000,102.139440,91.666667,102.139440
LINE,9
96.875000,102.139440,97.916667,102.139440
LINE,9
42.708333,101.097201,43.750000,101.097201
LINE,9
47.916667,101.097201,48.958333,101.097201
LINE,9
50.000000,101.097201,51.041667,101.097201
LINE,9
88.541667,101.097201,89.583333,101.097201
LINE,9
94.791667,101.097201,95.833333,101.097201
LINE,9
97.916667,101.097201,100.000000,101.097201
LINE,9
42.708333,100.054962,43.750000,100.054962
LINE,9
91.666667,100.054962,97.916667,100.054962
LINE,9
25.000000,99.012722,28.125000,99.012722
LINE,9
41.666667,99.012722,42.708333,99.012722
LINE,9
83.333333,99.012722,84.375000,99.012722
LINE,9
21.875000,97.970483,25.000000,97.970483
LINE,9
43.750000,97.970483,50.000000,97.970483
LINE,9
84.375000,97.970483,86.458333,97.970483
LINE,9
87.500000,97.970483,89.583333,97.970483
LINE,9
16.666667,96.928244,18.750000,96.928244
LINE,9
19.791667,96.928244,21.875000,96.928244
LINE,9
45.833333,96.928244,47.916667,96.928244
LINE,9
48.958333,96.928244,50.000000,96.928244
LINE,9
86.458333,96.928244,87.500000,96.928244
LINE,9
14.583333,95.886005,16.666667,95.886005
LINE,9
18.750000,95.886005,19.791667,95.886005
LINE,9
48.958333,95.886005,51.041667,95.886005
LINE,9
14.583333,94.843766,15.625000,94.843766
LINE,9
92.708333,94.843766,94.791667,94.843766
LINE,9
14.583333,93.801527,15.625000,93.801527
LINE,9
14.583333,92.759287,15.625000,92.759287
LINE,9
96.875000,92.759287,97.916667,92.759287
LINE,9
1.041667,91.717048,2.083333,91.717048
LINE,9
15.625000,91.717048,16.666667,91.717048
LINE,9
0.000000,90.674809,1.041667,90.674809
LINE,9
2.083333,90.674809,3.125000,90.674809
LINE,9
4.166667,90.674809,5.208333,90.674809
LINE,9
16.666667,90.674809,17.708333,90.674809
LINE,9
45.833333,90.674809,46.875000,90.674809
LINE,9
3.125000,89.632570,4.166667,89.632570
LINE,9
5.208333,89.632570,6.250000,89.632570
LINE,9
45.833333,89.632570,46.875000,89.632570
LINE,9
96.875000,89.632570,97.916667,89.632570
LINE,9
6.250000,88.590331,7.291667,88.590331
LINE,9
9.375000,88.590331,12.500000,88.590331
LINE,9
39.583333,88.590331,40.625000,88.590331
LINE,9
44.791667,88.590331,47.916667,88.590331
LINE,9
96.875000,88.590331,97.916667,88.590331
LINE,9
0.000000,87.548091,6.250000,87.548091
LINE,9
7.291667,87.548091,9.375000,87.548091
LINE,9
12.500000,87.548091,14.583333,87.548091
LINE,9
44.791667,87.548091,46.875000,87.548091
LINE,9
96.875000,87.548091,97.916667,87.548091
LINE,9
6.250000,86.505852,9.375000,86.505852
LINE,9
14.583333,86.505852,17.708333,86.505852
LINE,9
41.666667,86.505852,42.708333,86.505852
LINE,9
43.750000,86.505852,47.916667,86.505852
LINE,9
7.291667,85.463613,11.458333,85.463613
LINE,9
38.541667,85.463613,39.583333,85.463613
LINE,9
41.666667,85.463613,43.750000,85.463613
LINE,9
44.791667,85.463613,46.875000,85.463613
LINE,9
44.791667,84.421374,45.833333,84.421374
LINE,9
51.041667,84.421374,52.083333,84.421374
LINE,9
46.875000,83.379135,47.916667,83.379135
LINE,9
11.458333,82.336896,12.500000,82.336896
LINE,9
42.708333,82.336896,43.750000,82.336896
LINE,9
45.833333,82.336896,46.875000,82.336896
LINE,9
46.875000,80.252417,47.916667,80.252417
LINE,9
45.833333,78.167939,46.875000,78.167939
LINE,9
97.916667,78.167939,98.958333,78.167939
LINE,9
11.458333,77.125700,12.500000,77.125700
LINE,9
94.791667,75.041221,95.833333,75.041221
LINE,9
94.791667,73.998982,95.833333,73.998982
LINE,9
96.875000,73.998982,97.916667,73.998982
LINE,9
46.875000,72.956743,47.916667,72.956743
LINE,9
90.625000,72.956743,92.708333,72.956743
LINE,9
45.833333,71.914504,47.916667,71.914504
LINE,9
45.833333,70.872265,46.875000,70.872265
LINE,9
91.666667,69.830025,92.708333,69.830025
LINE,9
41.666667,68.787786,42.708333,68.787786
LINE,9
91.666667,68.787786,92.708333,68.787786
LINE,9
97.916667,68.787786,98.958333,68.787786
LINE,9
41.666667,67.745547,42.708333,67.745547
LINE,9
97.916667,67.745547,98.958333,67.745547
LINE,9
47.916667,66.703308,48.958333,66.703308
LINE,9
97.916667,66.703308,98.958333,66.703308
LINE,9
47.916667,65.661069,48.958333,65.661069
LINE,9
95.833333,63.576590,96.875000,63.576590
LINE,9
39.583333,61.492112,41.666667,61.492112
LINE,9
98.958333,61.492112,100.000000,61.492112
LINE,9
39.583333,60.449873,42.708333,60.449873
LINE,9
52.083333,60.449873,53.125000,60.449873
LINE,9
98.958333,60.449873,100.000000,60.449873
LINE,9
41.666667,59.407633,42.708333,59.407633
LINE,9
51.041667,59.407633,52.083333,59.407633
LINE,9
98.958333,59.407633,100.000000,59.407633
LINE,9
51.041667,58.365394,52.083333,58.365394
LINE,9
92.708333,58.365394,93.750000,58.365394
LINE,9
53.125000,57.323155,54.166667,57.323155
LINE,9
92.708333,57.323155,93.750000,57.323155
LINE,9
98.958333,57.323155,100.000000,57.323155
LINE,9
51.041667,56.280916,52.083333,56.280916
LINE,9
53.125000,56.280916,54.166667,56.280916
LINE,9
98.958333,56.280916,100.000000,56.280916
LINE,9
27.083333,55.238677,28.125000,55.238677
LINE,9
51.041667,55.238677,52.083333,55.238677
LINE,9
53.125000,55.238677,55.208333,55.238677
LINE,9
92.708333,55.238677,93.750000,55.238677
LINE,9
36.458333,54.196438,38.541667,54.196438
LINE,9
43.750000,54.196438,45.833333,54.196438
LINE,9
51.041667,54.196438,52.083333,54.196438
LINE,9
55.208333,54.196438,56.250000,54.196438
LINE,9
98.958333,54.196438,100.000000,54.196438
LINE,9
35.416667,53.154198,36.458333,53.154198
LINE,9
44.791667,53.154198,45.833333,53.154198
LINE,9
52.083333,53.154198,53.125000,53.154198
LINE,9
56.250000,53.154198,57.291667,53.154198
LINE,9
26.041667,52.111959,27.083333,52.111959
LINE,9
34.375000,52.111959,36.458333,52.111959
LINE,9
56.250000,52.111959,57.291667,52.111959
LINE,9
22.916667,51.069720,26.041667,51.069720
LINE,9
28.125000,51.069720,29.166667,51.069720
LINE,9
30.208333,51.069720,35.416667,51.069720
LINE,9
43.750000,51.069720,45.833333,51.069720
LINE,9
56.250000,51.069720,57.291667,51.069720
LINE,9
92.708333,51.069720,93.750000,51.069720
LINE,9
16.666667,50.027481,19.791667,50.027481
LINE,9
20.833333,50.027481,22.916667,50.027481
LINE,9
29.166667,50.027481,30.208333,50.027481
LINE,9
34.375000,50.027481,36.458333,50.027481
LINE,9
52.083333,50.027481,53.125000,50.027481
LINE,9
92.708333,50.027481,93.750000,50.027481
LINE,9
12.500000,48.985242,17.708333,48.985242
LINE,9
19.791667,48.985242,20.833333,48.985242
LINE,9
33.333333,48.985242,35.416667,48.985242
LINE,9
51.041667,48.985242,56.250000,48.985242
LINE,9
87.500000,48.985242,89.583333,48.985242
LINE,9
0.000000,47.943002,1.041667,47.943002
LINE,9
18.750000,47.943002,21.875000,47.943002
LINE,9
51.041667,47.943002,52.083333,47.943002
LINE,9
55.208333,47.943002,56.250000,47.943002
LINE,9
57.291667,47.943002,58.333333,47.943002
LINE,9
85.416667,47.943002,90.625000,47.943002
LINE,9
43.750000,46.900763,44.791667,46.900763
LINE,9
51.041667,46.900763,52.083333,46.900763
LINE,9
55.208333,46.900763,56.250000,46.900763
LINE,9
57.291667,46.900763,58.333333,46.900763
LINE,9
85.416667,46.900763,86.458333,46.900763
LINE,9
98.958333,46.900763,100.000000,46.900763
LINE,9
51.041667,45.858524,52.083333,45.858524
LINE,9
56.250000,45.858524,57.291667,45.858524
LINE,9
84.375000,45.858524,86.458333,45.858524
LINE,9
98.958333,45.858524,100.000000,45.858524
LINE,9
22.916667,44.816285,23.958333,44.816285
LINE,9
30.208333,44.816285,32.291667,44.816285
LINE,9
84.375000,44.816285,85.416667,44.816285
LINE,9
92.708333,44.816285,93.750000,44.816285
LINE,9
19.791667,43.774046,22.916667,43.774046
LINE,9
51.041667,43.774046,53.125000,43.774046
LINE,9
51.041667,42.731807,52.083333,42.731807
LINE,9
67.708333,42.731807,69.791667,42.731807
LINE,9
92.708333,42.731807,93.750000,42.731807
LINE,9
18.750000,41.689567,19.791667,41.689567
LINE,9
63.541667,41.689567,67.708333,41.689567
LINE,9
69.791667,41.689567,72.916667,41.689567
LINE,9
31.250000,40.647328,32.291667,40.647328
LINE,9
37.500000,40.647328,39.583333,40.647328
LINE,9
52.083333,40.647328,53.125000,40.647328
LINE,9
57.291667,40.647328,58.333333,40.647328
LINE,9
59.375000,40.647328,61.458333,40.647328
LINE,9
62.500000,40.647328,64.583333,40.647328
LINE,9
15.625000,39.605089,16.666667,39.605089
LINE,9
32.291667,39.605089,33.333333,39.605089
LINE,9
37.500000,39.605089,39.583333,39.605089
LINE,9
52.083333,39.605089,53.125000,39.605089
LINE,9
57.291667,39.605089,60.416667,39.605089
LINE,9
61.458333,39.605089,63.541667,39.605089
LINE,9
64.583333,39.605089,66.666667,39.605089
LINE,9
72.916667,39.605089,81.250000,39.605089
LINE,9
82.291667,39.605089,84.375000,39.605089
LINE,9
98.958333,39.605089,100.000000,39.605089
LINE,9
13.541667,38.562850,14.583333,38.562850
LINE,9
15.625000,38.562850,16.666667,38.562850
LINE,9
30.208333,38.562850,34.375000,38.562850
LINE,9
35.416667,38.562850,43.750000,38.562850
LINE,9
52.083333,38.562850,53.125000,38.562850
LINE,9
81.250000,38.562850,83.333333,38.562850
LINE,9
92.708333,38.562850,93.750000,38.562850
LINE,9
95.833333,38.562850,96.875000,38.562850
LINE,9
98.958333,38.562850,100.000000,38.562850
LINE,9
23.958333,37.520611,25.000000,37.520611
LINE,9
30.208333,37.520611,31.250000,37.520611
LINE,9
34.375000,37.520611,37.500000,37.520611
LINE,9
38.541667,37.520611,39.583333,37.520611
LINE,9
51.041667,37.520611,52.083333,37.520611
LINE,9
58.333333,37.520611,59.375000,37.520611
LINE,9
80.208333,37.520611,81.250000,37.520611
LINE,9
88.541667,37.520611,89.583333,37.520611
LINE,9
94.791667,37.520611,95.833333,37.520611
LINE,9
97.916667,37.520611,98.958333,37.520611
LINE,9
23.958333,36.478371,25.000000,36.478371
LINE,9
30.208333,36.478371,31.250000,36.478371
LINE,9
33.333333,36.478371,35.416667,36.478371
LINE,9
37.500000,36.478371,38.541667,36.478371
LINE,9
39.583333,36.478371,41.666667,36.478371
LINE,9
51.041667,36.478371,52.083333,36.478371
LINE,9
64.583333,36.478371,65.625000,36.478371
LINE,9
80.208333,36.478371,81.250000,36.478371
LINE,9
83.333333,36.478371,84.375000,36.478371
LINE,9
79.166667,35.436132,80.208333,35.436132
LINE,9
81.250000,35.436132,83.333333,35.436132
LINE,9
90.625000,35.436132,91.666667,35.436132
LINE,9
96.875000,35.436132,97.916667,35.436132
LINE,9
23.958333,34.393893,25.000000,34.393893
LINE,9
33.333333,34.393893,34.375000,34.393893
LINE,9
64.583333,34.393893,67.708333,34.393893
LINE,9
78.125000,34.393893,80.208333,34.393893
LINE,9
81.250000,34.393893,82.291667,34.393893
LINE,9
90.625000,34.393893,91.666667,34.393893
LINE,9
96.875000,34.393893,97.916667,34.393893
LINE,9
29.166667,33.351654,30.208333,33.351654
LINE,9
33.333333,33.351654,34.375000,33.351654
LINE,9
63.541667,33.351654,64.583333,33.351654
LINE,9
77.083333,33.351654,78.125000,33.351654
LINE,9
34.375000,32.309415,35.416667,32.309415
LINE,9
57.291667,32.309415,59.375000,32.309415
LINE,9
64.583333,32.309415,65.625000,32.309415
LINE,9
67.708333,32.309415,68.750000,32.309415
LINE,9
34.375000,31.267176,35.416667,31.267176
LINE,9
95.833333,31.267176,96.875000,31.267176
LINE,9
17.708333,30.224936,18.750000,30.224936
LINE,9
43.750000,30.224936,44.791667,30.224936
LINE,9
51.041667,30.224936,52.083333,30.224936
LINE,9
53.125000,30.224936,54.166667,30.224936
LINE,9
55.208333,30.224936,57.291667,30.224936
LINE,9
77.083333,30.224936,78.125000,30.224936
LINE,9
85.416667,30.224936,86.458333,30.224936
LINE,9
96.875000,30.224936,97.916667,30.224936
LINE,9
9.375000,29.182697,10.416667,29.182697
LINE,9
16.666667,29.182697,17.708333,29.182697
LINE,9
23.958333,29.182697,25.000000,29.182697
LINE,9
43.750000,29.182697,44.791667,29.182697
LINE,9
56.250000,29.182697,58.333333,29.182697
LINE,9
59.375000,29.182697,63.541667,29.182697
LINE,9
68.750000,29.182697,71.875000,29.182697
LINE,9
72.916667,29.182697,76.041667,29.182697
LINE,9
78.125000,29.182697,79.166667,29.182697
LINE,9
84.375000,29.182697,88.541667,29.182697
LINE,9
92.708333,29.182697,93.750000,29.182697
LINE,9
96.875000,29.182697,97.916667,29.182697
LINE,9
23.958333,28.140458,25.000000,28.140458
LINE,9
46.875000,28.140458,50.000000,28.140458
LINE,9
58.333333,28.140458,59.375000,28.140458
LINE,9
62.500000,28.140458,63.541667,28.140458
LINE,9
71.875000,28.140458,72.916667,28.140458
LINE,9
77.083333,28.140458,78.125000,28.140458
LINE,9
90.625000,28.140458,91.666667,28.140458
LINE,9
3.125000,27.098219,4.166667,27.098219
LINE,9
6.250000,27.098219,7.291667,27.098219
LINE,9
8.333333,27.098219,11.458333,27.098219
LINE,9
13.541667,27.098219,14.583333,27.098219
LINE,9
23.958333,27.098219,25.000000,27.098219
LINE,9
41.666667,27.098219,42.708333,27.098219
LINE,9
50.000000,27.098219,51.041667,27.098219
LINE,9
52.083333,27.098219,54.166667,27.098219
LINE,9
62.500000,27.098219,63.541667,27.098219
LINE,9
75.000000,27.098219,76.041667,27.098219
LINE,9
77.083333,27.098219,79.166667,27.098219
LINE,9
81.250000,27.098219,82.291667,27.098219
LINE,9
89.583333,27.098219,91.666667,27.098219
LINE,9
2.083333,26.055980,8.333333,26.055980
LINE,9
11.458333,26.055980,13.541667,26.055980
LINE,9
14.583333,26.055980,16.666667,26.055980
LINE,9
27.083333,26.055980,28.125000,26.055980
LINE,9
34.375000,26.055980,36.458333,26.055980
LINE,9
41.666667,26.055980,44.791667,26.055980
LINE,9
46.875000,26.055980,51.041667,26.055980
LINE,9
53.125000,26.055980,54.166667,26.055980
LINE,9
64.583333,26.055980,66.666667,26.055980
LINE,9
76.041667,26.055980,78.125000,26.055980
LINE,9
81.250000,26.055980,82.291667,26.055980
LINE,9
89.583333,26.055980,90.625000,26.055980
LINE,9
98.958333,26.055980,100.000000,26.055980
LINE,9
1.041667,25.013740,2.083333,25.013740
LINE,9
27.083333,25.013740,28.125000,25.013740
LINE,9
33.333333,25.013740,37.500000,25.013740
LINE,9
40.625000,25.013740,44.791667,25.013740
LINE,9
54.166667,25.013740,55.208333,25.013740
LINE,9
56.250000,25.013740,58.333333,25.013740
LINE,9
76.041667,25.013740,82.291667,25.013740
LINE,9
89.583333,25.013740,90.625000,25.013740
LINE,9
98.958333,25.013740,100.000000,25.013740
LINE,9
1.041667,23.971501,2.083333,23.971501
LINE,9
22.916667,23.971501,23.958333,23.971501
LINE,9
30.208333,23.971501,33.333333,23.971501
LINE,9
37.500000,23.971501,38.541667,23.971501
LINE,9
42.708333,23.971501,43.750000,23.971501
LINE,9
44.791667,23.971501,45.833333,23.971501
LINE,9
46.875000,23.971501,47.916667,23.971501
LINE,9
48.958333,23.971501,51.041667,23.971501
LINE,9
56.250000,23.971501,57.291667,23.971501
LINE,9
63.541667,23.971501,64.583333,23.971501
LINE,9
72.916667,23.971501,76.041667,23.971501
LINE,9
93.750000,23.971501,95.833333,23.971501
LINE,9
98.958333,23.971501,100.000000,23.971501
LINE,9
1.041667,22.929262,2.083333,22.929262
LINE,9
27.083333,22.929262,29.166667,22.929262
LINE,9
38.541667,22.929262,40.625000,22.929262
LINE,9
42.708333,22.929262,43.750000,22.929262
LINE,9
44.791667,22.929262,48.958333,22.929262
LINE,9
66.666667,22.929262,75.000000,22.929262
LINE,9
76.041667,22.929262,78.125000,22.929262
LINE,9
80.208333,22.929262,81.250000,22.929262
LINE,9
83.333333,22.929262,84.375000,22.929262
LINE,9
98.958333,22.929262,100.000000,22.929262
LINE,9
1.041667,21.887023,2.083333,21.887023
LINE,9
12.500000,21.887023,13.541667,21.887023
LINE,9
22.916667,21.887023,23.958333,21.887023
LINE,9
42.708333,21.887023,43.750000,21.887023
LINE,9
45.833333,21.887023,46.875000,21.887023
LINE,9
47.916667,21.887023,50.000000,21.887023
LINE,9
60.416667,21.887023,67.708333,21.887023
LINE,9
77.083333,21.887023,78.125000,21.887023
LINE,9
80.208333,21.887023,81.250000,21.887023
LINE,9
83.333333,21.887023,84.375000,21.887023
LINE,9
85.416667,21.887023,86.458333,21.887023
LINE,9
1.041667,20.844784,2.083333,20.844784
LINE,9
13.541667,20.844784,14.583333,20.844784
LINE,9
23.958333,20.844784,27.083333,20.844784
LINE,9
42.708333,20.844784,43.750000,20.844784
LINE,9
45.833333,20.844784,47.916667,20.844784
LINE,9
58.333333,20.844784,62.500000,20.844784
LINE,9
64.583333,20.844784,67.708333,20.844784
LINE,9
69.791667,20.844784,70.833333,20.844784
LINE,9
71.875000,20.844784,72.916667,20.844784
LINE,9
77.083333,20.844784,81.250000,20.844784
LINE,9
89.583333,20.844784,90.625000,20.844784
LINE,9
92.708333,20.844784,93.750000,20.844784
LINE,9
95.833333,20.844784,96.875000,20.844784
LINE,9
97.916667,20.844784,98.958333,20.844784
LINE,9
12.500000,19.802544,14.583333,19.802544
LINE,9
27.083333,19.802544,28.125000,19.802544
LINE,9
42.708333,19.802544,44.791667,19.802544
LINE,9
56.250000,19.802544,57.291667,19.802544
LINE,9
58.333333,19.802544,59.375000,19.802544
LINE,9
61.458333,19.802544,62.500000,19.802544
LINE,9
64.583333,19.802544,65.625000,19.802544
LINE,9
78.125000,19.802544,79.166667,19.802544
LINE,9
80.208333,19.802544,81.250000,19.802544
LINE,9
85.416667,19.802544,86.458333,19.802544
LINE,9
89.583333,19.802544,90.625000,19.802544
LINE,9
2.083333,18.760305,7.291667,18.760305
LINE,9
11.458333,18.760305,12.500000,18.760305
LINE,9
25.000000,18.760305,27.083333,18.760305
LINE,9
28.125000,18.760305,33.333333,18.760305
LINE,9
44.791667,18.760305,45.833333,18.760305
LINE,9
48.958333,18.760305,51.041667,18.760305
LINE,9
53.125000,18.760305,56.250000,18.760305
LINE,9
57.291667,18.760305,58.333333,18.760305
LINE,9
59.375000,18.760305,61.458333,18.760305
LINE,9
68.750000,18.760305,69.791667,18.760305
LINE,9
80.208333,18.760305,81.250000,18.760305
LINE,9
85.416667,18.760305,86.458333,18.760305
LINE,9
92.708333,18.760305,93.750000,18.760305
LINE,9
95.833333,18.760305,96.875000,18.760305
LINE,9
0.000000,17.718066,1.041667,17.718066
LINE,9
2.083333,17.718066,3.125000,17.718066
LINE,9
5.208333,17.718066,6.250000,17.718066
LINE,9
7.291667,17.718066,9.375000,17.718066
LINE,9
10.416667,17.718066,12.500000,17.718066
LINE,9
25.000000,17.718066,26.041667,17.718066
LINE,9
33.333333,17.718066,36.458333,17.718066
LINE,9
43.750000,17.718066,44.791667,17.718066
LINE,9
51.041667,17.718066,53.125000,17.718066
LINE,9
68.750000,17.718066,69.791667,17.718066
LINE,9
72.916667,17.718066,75.000000,17.718066
LINE,9
84.375000,17.718066,86.458333,17.718066
LINE,9
92.708333,17.718066,93.750000,17.718066
LINE,9
95.833333,17.718066,96.875000,17.718066
LINE,9
3.125000,16.675827,9.375000,16.675827
LINE,9
10.416667,16.675827,11.458333,16.675827
LINE,9
16.666667,16.675827,17.708333,16.675827
LINE,9
19.791667,16.675827,21.875000,16.675827
LINE,9
26.041667,16.675827,30.208333,16.675827
LINE,9
33.333333,16.675827,39.583333,16.675827
LINE,9
41.666667,16.675827,44.791667,16.675827
LINE,9
51.041667,16.675827,52.083333,16.675827
LINE,9
55.208333,16.675827,56.250000,16.675827
LINE,9
58.333333,16.675827,59.375000,16.675827
LINE,9
63.541667,16.675827,64.583333,16.675827
LINE,9
71.875000,16.675827,72.916667,16.675827
LINE,9
73.958333,16.675827,75.000000,16.675827
LINE,9
76.041667,16.675827,79.166667,16.675827
LINE,9
85.416667,16.675827,86.458333,16.675827
LINE,9
92.708333,16.675827,93.750000,16.675827
LINE,9
95.833333,16.675827,96.875000,16.675827
LINE,9
7.291667,15.633588,13.541667,15.633588
LINE,9
16.666667,15.633588,19.791667,15.633588
LINE,9
20.833333,15.633588,21.875000,15.633588
LINE,9
23.958333,15.633588,29.166667,15.633588
LINE,9
30.208333,15.633588,33.333333,15.633588
LINE,9
36.458333,15.633588,37.500000,15.633588
LINE,9
41.666667,15.633588,42.708333,15.633588
LINE,9
43.750000,15.633588,45.833333,15.633588
LINE,9
46.875000,15.633588,47.916667,15.633588
LINE,9
51.041667,15.633588,53.125000,15.633588
LINE,9
55.208333,15.633588,56.250000,15.633588
LINE,9
59.375000,15.633588,60.416667,15.633588
LINE,9
63.541667,15.633588,64.583333,15.633588
LINE,9
68.750000,15.633588,69.791667,15.633588
LINE,9
75.000000,15.633588,76.041667,15.633588
LINE,9
80.208333,15.633588,81.250000,15.633588
LINE,9
1.041667,14.591349,2.083333,14.591349
LINE,9
7.291667,14.591349,12.500000,14.591349
LINE,9
13.541667,14.591349,22.916667,14.591349
LINE,9
30.208333,14.591349,31.250000,14.591349
LINE,9
32.291667,14.591349,33.333333,14.591349
LINE,9
37.500000,14.591349,42.708333,14.591349
LINE,9
43.750000,14.591349,50.000000,14.591349
LINE,9
52.083333,14.591349,53.125000,14.591349
LINE,9
54.166667,14.591349,55.208333,14.591349
LINE,9
59.375000,14.591349,60.416667,14.591349
LINE,9
61.458333,14.591349,63.541667,14.591349
LINE,9
66.666667,14.591349,67.708333,14.591349
LINE,9
68.750000,14.591349,69.791667,14.591349
LINE,9
76.041667,14.591349,77.083333,14.591349
LINE,9
89.583333,14.591349,90.625000,14.591349
LINE,9
95.833333,14.591349,96.875000,14.591349
LINE,9
17.708333,13.549109,20.833333,13.549109
LINE,9
22.916667,13.549109,25.000000,13.549109
LINE,9
27.083333,13.549109,28.125000,13.549109
LINE,9
29.166667,13.549109,30.208333,13.549109
LINE,9
40.625000,13.549109,43.750000,13.549109
LINE,9
50.000000,13.549109,51.041667,13.549109
LINE,9
53.125000,13.549109,54.166667,13.549109
LINE,9
55.208333,13.549109,57.291667,13.549109
LINE,9
58.333333,13.549109,64.583333,13.549109
LINE,9
79.166667,13.549109,81.250000,13.549109
LINE,9
95.833333,13.549109,96.875000,13.549109
LINE,9
0.000000,12.506870,2.083333,12.506870
LINE,9
3.125000,12.506870,6.250000,12.506870
LINE,9
8.333333,12.506870,11.458333,12.506870
LINE,9
19.791667,12.506870,20.833333,12.506870
LINE,9
22.916667,12.506870,26.041667,12.506870
LINE,9
28.125000,12.506870,30.208333,12.506870
LINE,9
48.958333,12.506870,52.083333,12.506870
LINE,9
53.125000,12.506870,55.208333,12.506870
LINE,9
60.416667,12.506870,61.458333,12.506870
LINE,9
63.541667,12.506870,65.625000,12.506870
LINE,9
67.708333,12.506870,68.750000,12.506870
LINE,9
70.833333,12.506870,71.875000,12.506870
LINE,9
79.166667,12.506870,81.250000,12.506870
LINE,9
83.333333,12.506870,85.416667,12.506870
LINE,9
87.500000,12.506870,88.541667,12.506870
LINE,9
90.625000,12.506870,91.666667,12.506870
LINE,9
98.958333,12.506870,100.000000,12.506870
LINE,9
1.041667,11.464631,7.291667,11.464631
LINE,9
16.666667,11.464631,19.791667,11.464631
LINE,9
20.833333,11.464631,22.916667,11.464631
LINE,9
25.000000,11.464631,26.041667,11.464631
LINE,9
29.166667,11.464631,30.208333,11.464631
LINE,9
31.250000,11.464631,32.291667,11.464631
LINE,9
45.833333,11.464631,48.958333,11.464631
LINE,9
50.000000,11.464631,51.041667,11.464631
LINE,9
52.083333,11.464631,55.208333,11.464631
LINE,9
57.291667,11.464631,58.333333,11.464631
LINE,9
59.375000,11.464631,62.500000,11.464631
LINE,9
64.583333,11.464631,65.625000,11.464631
LINE,9
66.666667,11.464631,69.791667,11.464631
LINE,9
83.333333,11.464631,88.541667,11.464631
LINE,9
89.583333,11.464631,91.666667,11.464631
LINE,9
92.708333,11.464631,93.750000,11.464631
LINE,9
95.833333,11.464631,96.875000,11.464631
LINE,9
98.958333,11.464631,100.000000,11.464631
LINE,9
2.083333,10.422392,6.250000,10.422392
LINE,9
7.291667,10.422392,8.333333,10.422392
LINE,9
9.375000,10.422392,10.416667,10.422392
LINE,9
13.541667,10.422392,16.666667,10.422392
LINE,9
18.750000,10.422392,20.833333,10.422392
LINE,9
22.916667,10.422392,23.958333,10.422392
LINE,9
25.000000,10.422392,29.166667,10.422392
LINE,9
37.500000,10.422392,46.875000,10.422392
LINE,9
48.958333,10.422392,55.208333,10.422392
LINE,9
56.250000,10.422392,58.333333,10.422392
LINE,9
59.375000,10.422392,61.458333,10.422392
LINE,9
62.500000,10.422392,64.583333,10.422392
LINE,9
67.708333,10.422392,68.750000,10.422392
LINE,9
80.208333,10.422392,81.250000,10.422392
LINE,9
87.500000,10.422392,90.625000,10.422392
LINE,9
91.666667,10.422392,94.791667,10.422392
LINE,9
95.833333,10.422392,96.875000,10.422392
LINE,9
97.916667,10.422392,98.958333,10.422392
LINE,9
1.041667,9.380153,2.083333,9.380153
LINE,9
6.250000,9.380153,7.291667,9.380153
LINE,9
12.500000,9.380153,13.541667,9.380153
LINE,9
16.666667,9.380153,18.750000,9.380153
LINE,9
19.791667,9.380153,25.000000,9.380153
LINE,9
27.083333,9.380153,29.166667,9.380153
LINE,9
31.250000,9.380153,32.291667,9.380153
LINE,9
35.416667,9.380153,40.625000,9.380153
LINE,9
43.750000,9.380153,44.791667,9.380153
LINE,9
48.958333,9.380153,50.000000,9.380153
LINE,9
52.083333,9.380153,53.125000,9.380153
LINE,9
55.208333,9.380153,56.250000,9.380153
LINE,9
58.333333,9.380153,61.458333,9.380153
LINE,9
67.708333,9.380153,68.750000,9.380153
LINE,9
80.208333,9.380153,82.291667,9.380153
LINE,9
89.583333,9.380153,94.791667,9.380153
LINE,9
95.833333,9.380153,96.875000,9.380153
LINE,9
97.916667,9.380153,98.958333,9.380153
LINE,9
0.000000,8.337913,2.083333,8.337913
LINE,9
3.125000,8.337913,5.208333,8.337913
LINE,9
7.291667,8.337913,8.333333,8.337913
LINE,9
9.375000,8.337913,14.583333,8.337913
LINE,9
18.750000,8.337913,19.791667,8.337913
LINE,9
20.833333,8.337913,23.958333,8.337913
LINE,9
25.000000,8.337913,37.500000,8.337913
LINE,9
42.708333,8.337913,45.833333,8.337913
LINE,9
47.916667,8.337913,48.958333,8.337913
LINE,9
51.041667,8.337913,53.125000,8.337913
LINE,9
54.166667,8.337913,60.416667,8.337913
LINE,9
61.458333,8.337913,63.541667,8.337913
LINE,9
66.666667,8.337913,68.750000,8.337913
LINE,9
69.791667,8.337913,70.833333,8.337913
LINE,9
80.208333,8.337913,81.250000,8.337913
LINE,9
86.458333,8.337913,87.500000,8.337913
LINE,9
88.541667,8.337913,89.583333,8.337913
LINE,9
90.625000,8.337913,95.833333,8.337913
LINE,9
96.875000,8.337913,98.958333,8.337913
LINE,9
1.041667,7.295674,2.083333,7.295674
LINE,9
5.208333,7.295674,6.250000,7.295674
LINE,9
7.291667,7.295674,8.333333,7.295674
LINE,9
11.458333,7.295674,17.708333,7.295674
LINE,9
18.750000,7.295674,19.791667,7.295674
LINE,9
20.833333,7.295674,29.166667,7.295674
LINE,9
32.291667,7.295674,35.416667,7.295674
LINE,9
42.708333,7.295674,44.791667,7.295674
LINE,9
47.916667,7.295674,48.958333,7.295674
LINE,9
50.000000,7.295674,51.041667,7.295674
LINE,9
52.083333,7.295674,53.125000,7.295674
LINE,9
54.166667,7.295674,57.291667,7.295674
LINE,9
58.333333,7.295674,61.458333,7.295674
LINE,9
65.625000,7.295674,66.666667,7.295674
LINE,9
70.833333,7.295674,77.083333,7.295674
LINE,9
78.125000,7.295674,79.166667,7.295674
LINE,9
80.208333,7.295674,82.291667,7.295674
LINE,9
91.666667,7.295674,92.708333,7.295674
LINE,9
6.250000,6.253435,7.291667,6.253435
LINE,9
10.416667,6.253435,11.458333,6.253435
LINE,9
33.333333,6.253435,35.416667,6.253435
LINE,9
44.791667,6.253435,45.833333,6.253435
LINE,9
47.916667,6.253435,48.958333,6.253435
LINE,9
50.000000,6.253435,51.041667,6.253435
LINE,9
52.083333,6.253435,54.166667,6.253435
LINE,9
57.291667,6.253435,59.375000,6.253435
LINE,9
61.458333,6.253435,63.541667,6.253435
LINE,9
76.041667,6.253435,78.125000,6.253435
LINE,9
81.250000,6.253435,85.416667,6.253435
LINE,9
86.458333,6.253435,87.500000,6.253435
LINE,9
88.541667,6.253435,90.625000,6.253435
LINE,9
6.250000,5.211196,8.333333,5.211196
LINE,9
9.375000,5.211196,11.458333,5.211196
LINE,9
14.583333,5.211196,15.625000,5.211196
LINE,9
16.666667,5.211196,17.708333,5.211196
LINE,9
20.833333,5.211196,21.875000,5.211196
LINE,9
45.833333,5.211196,47.916667,5.211196
LINE,9
50.000000,5.211196,51.041667,5.211196
LINE,9
52.083333,5.211196,53.125000,5.211196
LINE,9
58.333333,5.211196,59.375000,5.211196
LINE,9
60.416667,5.211196,61.458333,5.211196
LINE,9
62.500000,5.211196,64.583333,5.211196
LINE,9
67.708333,5.211196,71.875000,5.211196
LINE,9
77.083333,5.211196,79.166667,5.211196
LINE,9
80.208333,5.211196,82.291667,5.211196
LINE,9
86.458333,5.211196,87.500000,5.211196
LINE,9
91.666667,5.211196,93.750000,5.211196
LINE,9
11.458333,4.168957,15.625000,4.168957
LINE,9
16.666667,4.168957,17.708333,4.168957
LINE,9
35.416667,4.168957,36.458333,4.168957
LINE,9
55.208333,4.168957,56.250000,4.168957
LINE,9
57.291667,4.168957,60.416667,4.168957
LINE,9
63.541667,4.168957,65.625000,4.168957
LINE,9
80.208333,4.168957,81.250000,4.168957
LINE,9
82.291667,4.168957,83.333333,4.168957
LINE,9
91.666667,4.168957,96.875000,4.168957
LINE,9
98.958333,4.168957,100.000000,4.168957
LINE,9
10.416667,3.126718,13.541667,3.126718
LINE,9
15.625000,3.126718,16.666667,3.126718
LINE,9
26.041667,3.126718,28.125000,3.126718
LINE,9
33.333333,3.126718,35.416667,3.126718
LINE,9
42.708333,3.126718,44.791667,3.126718
LINE,9
47.916667,3.126718,50.000000,3.126718
LINE,9
52.083333,3.126718,56.250000,3.126718
LINE,9
60.416667,3.126718,61.458333,3.126718
LINE,9
62.500000,3.126718,63.541667,3.126718
LINE,9
64.583333,3.126718,65.625000,3.126718
LINE,9
71.875000,3.126718,72.916667,3.126718
LINE,9
73.958333,3.126718,75.000000,3.126718
LINE,9
79.166667,3.126718,80.208333,3.126718
LINE,9
82.291667,3.126718,83.333333,3.126718
LINE,9
91.666667,3.126718,94.791667,3.126718
LINE,9
95.833333,3.126718,100.000000,3.126718
LINE,9
9.375000,2.084478,10.416667,2.084478
LINE,9
20.833333,2.084478,25.000000,2.084478
LINE,9
26.041667,2.084478,27.083333,2.084478
LINE,9
39.583333,2.084478,40.625000,2.084478
LINE,9
42.708333,2.084478,43.750000,2.084478
LINE,9
45.833333,2.084478,47.916667,2.084478
LINE,9
48.958333,2.084478,52.083333,2.084478
LINE,9
53.125000,2.084478,56.250000,2.084478
LINE,9
58.333333,2.084478,61.458333,2.084478
LINE,9
64.583333,2.084478,66.666667,2.084478
LINE,9
71.875000,2.084478,72.916667,2.084478
LINE,9
76.041667,2.084478,79.166667,2.084478
LINE,9
83.333333,2.084478,84.375000,2.084478
LINE,9
95.833333,2.084478,98.958333,2.084478
LINE,9
0.000000,1.042239,1.041667,1.042239
LINE,9
5.208333,1.042239,6.250000,1.042239
LINE,9
7.291667,1.042239,8.333333,1.042239
LINE,9
10.416667,1.042239,16.666667,1.042239
LINE,9
23.958333,1.042239,27.083333,1.042239
LINE,9
28.125000,1.042239,29.166667,1.042239
LINE,9
33.333333,1.042239,37.500000,1.042239
LINE,9
38.541667,1.042239,39.583333,1.042239
LINE,9
44.791667,1.042239,45.833333,1.042239
LINE,9
48.958333,1.042239,50.000000,1.042239
LINE,9
54.166667,1.042239,57.291667,1.042239
LINE,9
58.333333,1.042239,60.416667,1.042239
LINE,9
61.458333,1.042239,67.708333,1.042239
LINE,9
71.875000,1.042239,72.916667,1.042239
LINE,9
76.041667,1.042239,77.083333,1.042239
LINE,9
83.333333,1.042239,84.375000,1.042239
LINE,9
85.416667,1.042239,86.458333,1.042239
LINE,9
93.750000,1.042239,94.791667,1.042239
LINE,9
0.000000,0.000000,100.000000,0.000000
LINE,9
0.000000,130.279898,0.000000,0.000000
LINE,9
1.041667,91.717048,1.041667,90.674809
LINE,9
1.041667,25.013740,1.041667,23.971501
LINE,9
1.041667,22.929262,1.041667,21.887023
LINE,9
1.041667,20.844784,1.041667,17.718066
LINE,9
1.041667,14.591349,1.041667,11.464631
LINE,9
1.041667,9.380153,1.041667,7.295674
LINE,9
1.041667,1.042239,1.041667,0.000000
LINE,9
2.083333,91.717048,2.083333,90.674809
LINE,9
2.083333,47.943002,2.083333,46.900763
LINE,9
2.083333,26.055980,2.083333,25.013740
LINE,9
2.083333,23.971501,2.083333,22.929262
LINE,9
2.083333,21.887023,2.083333,20.844784
LINE,9
2.083333,18.760305,2.083333,17.718066
LINE,9
2.083333,14.591349,2.083333,12.506870
LINE,9
2.083333,10.422392,2.083333,9.380153
LINE,9
2.083333,8.337913,2.083333,7.295674
LINE,9
3.125000,129.237659,3.125000,128.195420
LINE,9
3.125000,127.153180,3.125000,125.068702
LINE,9
3.125000,90.674809,3.125000,89.632570
LINE,9
3.125000,17.718066,3.125000,16.675827
LINE,9
3.125000,12.506870,3.125000,8.337913
LINE,9
4.166667,130.279898,4.166667,129.237659
LINE,9
4.166667,128.195420,4.166667,127.153180
LINE,9
4.166667,90.674809,4.166667,89.632570
LINE,9
5.208333,126.110941,5.208333,125.068702
LINE,9
5.208333,90.674809,5.208333,89.632570
LINE,9
5.208333,8.337913,5.208333,7.295674
LINE,9
5.208333,1.042239,5.208333,0.000000
LINE,9
6.250000,130.279898,6.250000,129.237659
LINE,9
6.250000,89.632570,6.250000,88.590331
LINE,9
6.250000,87.548091,6.250000,86.505852
LINE,9
6.250000,12.506870,6.250000,10.422392
LINE,9
6.250000,9.380153,6.250000,7.295674
LINE,9
6.250000,6.253435,6.250000,5.211196
LINE,9
6.250000,1.042239,6.250000,0.000000
LINE,9
7.291667,128.195420,7.291667,126.110941
LINE,9
7.291667,88.590331,7.291667,87.548091
LINE,9
7.291667,18.760305,7.291667,17.718066
LINE,9
7.291667,15.633588,7.291667,14.591349
LINE,9
7.291667,11.464631,7.291667,10.422392
LINE,9
7.291667,9.380153,7.291667,8.337913
LINE,9
7.291667,7.295674,7.291667,6.253435
LINE,9
7.291667,1.042239,7.291667,0.000000
LINE,9
8.333333,129.237659,8.333333,128.195420
LINE,9
8.333333,27.098219,8.333333,26.055980
LINE,9
8.333333,12.506870,8.333333,10.422392
LINE,9
8.333333,8.337913,8.333333,7.295674
LINE,9
8.333333,6.253435,8.333333,0.000000
LINE,9
9.375000,88.590331,9.375000,87.548091
LINE,9
9.375000,86.505852,9.375000,85.463613
LINE,9
9.375000,73.998982,9.375000,72.956743
LINE,9
9.375000,29.182697,9.375000,27.098219
LINE,9
9.375000,17.718066,9.375000,16.675827
LINE,9
9.375000,10.422392,9.375000,8.337913
LINE,9
9.375000,5.211196,9.375000,0.000000
LINE,9
10.416667,29.182697,10.416667,26.055980
LINE,9
10.416667,10.422392,10.416667,6.253435
LINE,9
10.416667,5.211196,10.416667,3.126718
LINE,9
10.416667,2.084478,10.416667,1.042239
LINE,9
11.458333,85.463613,11.458333,82.336896
LINE,9
11.458333,27.098219,11.458333,26.055980
LINE,9
11.458333,18.760305,11.458333,17.718066
LINE,9
11.458333,12.506870,11.458333,7.295674
LINE,9
11.458333,6.253435,11.458333,4.168957
LINE,9
12.500000,88.590331,12.500000,87.548091
LINE,9
12.500000,82.336896,12.500000,48.985242
LINE,9
12.500000,22.929262,12.500000,19.802544
LINE,9
12.500000,18.760305,12.500000,17.718066
LINE,9
12.500000,14.591349,12.500000,9.380153
LINE,9
13.541667,36.478371,13.541667,35.436132
LINE,9
13.541667,27.098219,13.541667,26.055980
LINE,9
13.541667,21.887023,13.541667,20.844784
LINE,9
13.541667,15.633588,13.541667,14.591349
LINE,9
13.541667,10.422392,13.541667,9.380153
LINE,9
13.541667,8.337913,13.541667,7.295674
LINE,9
13.541667,4.168957,13.541667,3.126718
LINE,9
14.583333,95.886005,14.583333,94.843766
LINE,9
14.583333,93.801527,14.583333,92.759287
LINE,9
14.583333,87.548091,14.583333,86.505852
LINE,9
14.583333,41.689567,14.583333,40.647328
LINE,9
14.583333,27.098219,14.583333,26.055980
LINE,9
14.583333,20.844784,14.583333,19.802544
LINE,9
14.583333,8.337913,14.583333,7.295674
LINE,9
14.583333,5.211196,14.583333,4.168957
LINE,9
15.625000,94.843766,15.625000,93.801527
LINE,9
15.625000,92.759287,15.625000,91.717048
LINE,9
15.625000,39.605089,15.625000,38.562850
LINE,9
15.625000,8.337913,15.625000,5.211196
LINE,9
15.625000,4.168957,15.625000,3.126718
LINE,9
16.666667,96.928244,16.666667,95.886005
LINE,9
16.666667,91.717048,16.666667,90.674809
LINE,9
16.666667,50.027481,16.666667,48.985242
LINE,9
16.666667,39.605089,16.666667,38.562850
LINE,9
16.666667,34.393893,16.666667,32.309415
LINE,9
16.666667,29.182697,16.666667,26.055980
LINE,9
16.666667,16.675827,16.666667,15.633588
LINE,9
16.666667,11.464631,16.666667,10.422392
LINE,9
16.666667,4.168957,16.666667,3.126718
LINE,9
16.666667,1.042239,16.666667,0.000000
LINE,9
17.708333,114.646310,17.708333,111.519593
LINE,9
17.708333,90.674809,17.708333,86.505852
LINE,9
17.708333,30.224936,17.708333,29.182697
LINE,9
17.708333,16.675827,17.708333,13.549109
LINE,9
17.708333,7.295674,17.708333,4.168957
LINE,9
18.750000,96.928244,18.750000,95.886005
LINE,9
18.750000,48.985242,18.750000,47.943002
LINE,9
18.750000,41.689567,18.750000,30.224936
LINE,9
18.750000,12.506870,18.750000,10.422392
LINE,9
18.750000,8.337913,18.750000,7.295674
LINE,9
19.791667,111.519593,19.791667,110.477354
LINE,9
19.791667,96.928244,19.791667,95.886005
LINE,9
19.791667,50.027481,19.791667,48.985242
LINE,9
19.791667,43.774046,19.791667,41.689567
LINE,9
19.791667,16.675827,19.791667,15.633588
LINE,9
19.791667,12.506870,19.791667,9.380153
LINE,9
19.791667,8.337913,19.791667,7.295674
LINE,9
20.833333,114.646310,20.833333,112.561832
LINE,9
20.833333,50.027481,20.833333,48.985242
LINE,9
20.833333,16.675827,20.833333,15.633588
LINE,9
20.833333,14.591349,20.833333,13.549109
LINE,9
20.833333,12.506870,20.833333,11.464631
LINE,9
20.833333,10.422392,20.833333,7.295674
LINE,9
21.875000,113.604071,21.875000,112.561832
LINE,9
21.875000,97.970483,21.875000,96.928244
LINE,9
21.875000,48.985242,21.875000,47.943002
LINE,9
21.875000,15.633588,21.875000,12.506870
LINE,9
21.875000,9.380153,21.875000,8.337913
LINE,9
21.875000,2.084478,21.875000,0.000000
LINE,9
22.916667,113.604071,22.916667,112.561832
LINE,9
22.916667,111.519593,22.916667,110.477354
LINE,9
22.916667,51.069720,22.916667,50.027481
LINE,9
22.916667,44.816285,22.916667,43.774046
LINE,9
22.916667,23.971501,22.916667,21.887023
LINE,9
22.916667,14.591349,22.916667,11.464631
LINE,9
22.916667,10.422392,22.916667,9.380153
LINE,9
23.958333,112.561832,23.958333,111.519593
LINE,9
23.958333,44.816285,23.958333,37.520611
LINE,9
23.958333,36.478371,23.958333,34.393893
LINE,9
23.958333,29.182697,23.958333,28.140458
LINE,9
23.958333,27.098219,23.958333,23.971501
LINE,9
23.958333,21.887023,23.958333,20.844784
LINE,9
23.958333,15.633588,23.958333,13.549109
LINE,9
23.958333,10.422392,23.958333,8.337913
LINE,9
23.958333,2.084478,23.958333,1.042239
LINE,9
25.000000,99.012722,25.000000,97.970483
LINE,9
25.000000,37.520611,25.000000,36.478371
LINE,9
25.000000,34.393893,25.000000,29.182697
LINE,9
25.000000,28.140458,25.000000,23.971501
LINE,9
25.000000,18.760305,25.000000,17.718066
LINE,9
25.000000,15.633588,25.000000,14.591349
LINE,9
25.000000,11.464631,25.000000,10.422392
LINE,9
25.000000,9.380153,25.000000,8.337913
LINE,9
25.000000,4.168957,25.000000,2.084478
LINE,9
26.041667,109.435114,26.041667,108.392875
LINE,9
26.041667,52.111959,26.041667,51.069720
LINE,9
26.041667,47.943002,26.041667,45.858524
LINE,9
26.041667,27.098219,26.041667,25.013740
LINE,9
26.041667,17.718066,26.041667,16.675827
LINE,9
26.041667,12.506870,26.041667,11.464631
LINE,9
26.041667,3.126718,26.041667,2.084478
LINE,9
27.083333,108.392875,27.083333,107.350636
LINE,9
27.083333,55.238677,27.083333,52.111959
LINE,9
27.083333,26.055980,27.083333,25.013740
LINE,9
27.083333,22.929262,27.083333,20.844784
LINE,9
27.083333,19.802544,27.083333,18.760305
LINE,9
27.083333,13.549109,27.083333,9.380153
LINE,9
27.083333,2.084478,27.083333,1.042239
LINE,9
28.125000,107.350636,28.125000,106.308397
LINE,9
28.125000,102.139440,28.125000,99.012722
LINE,9
28.125000,55.238677,28.125000,51.069720
LINE,9
28.125000,26.055980,28.125000,25.013740
LINE,9
28.125000,19.802544,28.125000,16.675827
LINE,9
28.125000,15.633588,28.125000,14.591349
LINE,9
28.125000,13.549109,28.125000,12.506870
LINE,9
28.125000,3.126718,28.125000,1.042239
LINE,9
29.166667,106.308397,29.166667,105.266158
LINE,9
29.166667,51.069720,29.166667,50.027481
LINE,9
29.166667,33.351654,29.166667,22.929262
LINE,9
29.166667,15.633588,29.166667,13.549109
LINE,9
29.166667,11.464631,29.166667,7.295674
LINE,9
29.166667,1.042239,29.166667,0.000000
LINE,9
30.208333,105.266158,30.208333,102.139440
LINE,9
30.208333,51.069720,30.208333,50.027481
LINE,9
30.208333,38.562850,30.208333,23.971501
LINE,9
30.208333,16.675827,30.208333,15.633588
LINE,9
30.208333,14.591349,30.208333,13.549109
LINE,9
30.208333,12.506870,30.208333,11.464631
LINE,9
31.250000,110.477354,31.250000,109.435114
LINE,9
31.250000,40.647328,31.250000,38.562850
LINE,9
31.250000,37.520611,31.250000,36.478371
LINE,9
31.250000,14.591349,31.250000,11.464631
LINE,9
32.291667,40.647328,32.291667,39.605089
LINE,9
32.291667,18.760305,32.291667,7.295674
LINE,9
32.291667,6.253435,32.291667,5.211196
LINE,9
33.333333,106.308397,33.333333,105.266158
LINE,9
33.333333,51.069720,33.333333,48.985242
LINE,9
33.333333,40.647328,33.333333,36.478371
LINE,9
33.333333,34.393893,33.333333,33.351654
LINE,9
33.333333,25.013740,33.333333,23.971501
LINE,9
33.333333,19.802544,33.333333,17.718066
LINE,9
33.333333,16.675827,33.333333,14.591349
LINE,9
33.333333,8.337913,33.333333,7.295674
LINE,9
33.333333,6.253435,33.333333,3.126718
LINE,9
33.333333,1.042239,33.333333,0.000000
LINE,9
34.375000,110.477354,34.375000,108.392875
LINE,9
34.375000,106.308397,34.375000,105.266158
LINE,9
34.375000,52.111959,34.375000,51.069720
LINE,9
34.375000,50.027481,34.375000,48.985242
LINE,9
34.375000,38.562850,34.375000,37.520611
LINE,9
34.375000,34.393893,34.375000,33.351654
LINE,9
34.375000,32.309415,34.375000,31.267176
LINE,9
34.375000,8.337913,34.375000,7.295674
LINE,9
35.416667,108.392875,35.416667,107.350636
LINE,9
35.416667,53.154198,35.416667,51.069720
LINE,9
35.416667,38.562850,35.416667,36.478371
LINE,9
35.416667,32.309415,35.416667,31.267176
LINE,9
35.416667,9.380153,35.416667,3.126718
LINE,9
36.458333,107.350636,36.458333,106.308397
LINE,9
36.458333,54.196438,36.458333,53.154198
LINE,9
36.458333,52.111959,36.458333,50.027481
LINE,9
36.458333,17.718066,36.458333,15.633588
LINE,9
36.458333,9.380153,36.458333,8.337913
LINE,9
36.458333,5.211196,36.458333,4.168957
LINE,9
37.500000,40.647328,37.500000,39.605089
LINE,9
37.500000,37.520611,37.500000,36.478371
LINE,9
37.500000,25.013740,37.500000,23.971501
LINE,9
37.500000,15.633588,37.500000,14.591349
LINE,9
37.500000,10.422392,37.500000,8.337913
LINE,9
37.500000,1.042239,37.500000,0.000000
LINE,9
38.541667,106.308397,38.541667,105.266158
LINE,9
38.541667,104.223918,38.541667,103.181679
LINE,9
38.541667,85.463613,38.541667,54.196438
LINE,9
38.541667,37.520611,38.541667,36.478371
LINE,9
38.541667,23.971501,38.541667,22.929262
LINE,9
38.541667,15.633588,38.541667,14.591349
LINE,9
38.541667,1.042239,38.541667,0.000000
LINE,9
39.583333,105.266158,39.583333,104.223918
LINE,9
39.583333,103.181679,39.583333,102.139440
LINE,9
39.583333,88.590331,39.583333,85.463613
LINE,9
39.583333,61.492112,39.583333,60.449873
LINE,9
39.583333,40.647328,39.583333,39.605089
LINE,9
39.583333,37.520611,39.583333,36.478371
LINE,9
39.583333,27.098219,39.583333,26.055980
LINE,9
39.583333,16.675827,39.583333,14.591349
LINE,9
39.583333,10.422392,39.583333,9.380153
LINE,9
39.583333,2.084478,39.583333,1.042239
LINE,9
40.625000,102.139440,40.625000,88.590331
LINE,9
40.625000,25.013740,40.625000,22.929262
LINE,9
40.625000,14.591349,40.625000,13.549109
LINE,9
40.625000,10.422392,40.625000,9.380153
LINE,9
40.625000,2.084478,40.625000,0.000000
LINE,9
41.666667,103.181679,41.666667,99.012722
LINE,9
41.666667,86.505852,41.666667,85.463613
LINE,9
41.666667,68.787786,41.666667,67.745547
LINE,9
41.666667,61.492112,41.666667,59.407633
LINE,9
41.666667,36.478371,41.666667,27.098219
LINE,9
41.666667,16.675827,41.666667,15.633588
LINE,9
42.708333,105.266158,42.708333,104.223918
LINE,9
42.708333,101.097201,42.708333,100.054962
LINE,9
42.708333,86.505852,42.708333,82.336896
LINE,9
42.708333,68.787786,42.708333,67.745547
LINE,9
42.708333,60.449873,42.708333,59.407633
LINE,9
42.708333,27.098219,42.708333,23.971501
LINE,9
42.708333,22.929262,42.708333,21.887023
LINE,9
42.708333,20.844784,42.708333,19.802544
LINE,9
42.708333,15.633588,42.708333,14.591349
LINE,9
42.708333,8.337913,42.708333,7.295674
LINE,9
42.708333,3.126718,42.708333,2.084478
LINE,9
43.750000,107.350636,43.750000,106.308397
LINE,9
43.750000,97.970483,43.750000,82.336896
LINE,9
43.750000,55.238677,43.750000,51.069720
LINE,9
43.750000,46.900763,43.750000,38.562850
LINE,9
43.750000,30.224936,43.750000,29.182697
LINE,9
43.750000,23.971501,43.750000,22.929262
LINE,9
43.750000,21.887023,43.750000,20.844784
LINE,9
43.750000,17.718066,43.750000,15.633588
LINE,9
43.750000,14.591349,43.750000,13.549109
LINE,9
43.750000,2.084478,43.750000,0.000000
LINE,9
44.791667,112.561832,44.791667,111.519593
LINE,9
44.791667,88.590331,44.791667,87.548091
LINE,9
44.791667,86.505852,44.791667,84.421374
LINE,9
44.791667,53.154198,44.791667,46.900763
LINE,9
44.791667,30.224936,44.791667,29.182697
LINE,9
44.791667,26.055980,44.791667,22.929262
LINE,9
44.791667,19.802544,44.791667,18.760305
LINE,9
44.791667,17.718066,44.791667,16.675827
LINE,9
44.791667,7.295674,44.791667,6.253435
LINE,9
44.791667,3.126718,44.791667,1.042239
LINE,9
45.833333,97.970483,45.833333,96.928244
LINE,9
45.833333,90.674809,45.833333,89.632570
LINE,9
45.833333,84.421374,45.833333,82.336896
LINE,9
45.833333,78.167939,45.833333,71.914504
LINE,9
45.833333,70.872265,45.833333,54.196438
LINE,9
45.833333,53.154198,45.833333,51.069720
LINE,9
45.833333,23.971501,45.833333,21.887023
LINE,9
45.833333,20.844784,45.833333,18.760305
LINE,9
45.833333,15.633588,45.833333,14.591349
LINE,9
45.833333,11.464631,45.833333,8.337913
LINE,9
45.833333,7.295674,45.833333,5.211196
LINE,9
45.833333,2.084478,45.833333,1.042239
LINE,9
46.875000,112.561832,46.875000,111.519593
LINE,9
46.875000,106.308397,46.875000,105.266158
LINE,9
46.875000,90.674809,46.875000,89.632570
LINE,9
46.875000,87.548091,46.875000,85.463613
LINE,9
46.875000,83.379135,46.875000,82.336896
LINE,9
46.875000,80.252417,46.875000,78.167939
LINE,9
46.875000,72.956743,46.875000,70.872265
LINE,9
46.875000,28.140458,46.875000,26.055980
LINE,9
46.875000,23.971501,46.875000,21.887023
LINE,9
46.875000,15.633588,46.875000,14.591349
LINE,9
46.875000,11.464631,46.875000,10.422392
LINE,9
46.875000,7.295674,46.875000,6.253435
LINE,9
47.916667,109.435114,47.916667,108.392875
LINE,9
47.916667,99.012722,47.916667,96.928244
LINE,9
47.916667,88.590331,47.916667,86.505852
LINE,9
47.916667,83.379135,47.916667,80.252417
LINE,9
47.916667,72.956743,47.916667,71.914504
LINE,9
47.916667,66.703308,47.916667,65.661069
LINE,9
47.916667,23.971501,47.916667,22.929262
LINE,9
47.916667,21.887023,47.916667,20.844784
LINE,9
47.916667,15.633588,47.916667,14.591349
LINE,9
47.916667,8.337913,47.916667,7.295674
LINE,9
47.916667,6.253435,47.916667,5.211196
LINE,9
47.916667,3.126718,47.916667,2.084478
LINE,9
48.958333,108.392875,48.958333,103.181679
LINE,9
48.958333,96.928244,48.958333,95.886005
LINE,9
48.958333,66.703308,48.958333,65.661069
LINE,9
48.958333,23.971501,48.958333,22.929262
LINE,9
48.958333,21.887023,48.958333,18.760305
LINE,9
48.958333,14.591349,48.958333,12.506870
LINE,9
48.958333,11.464631,48.958333,10.422392
LINE,9
48.958333,9.380153,48.958333,8.337913
LINE,9
48.958333,7.295674,48.958333,6.253435
LINE,9
48.958333,2.084478,48.958333,1.042239
LINE,9
50.000000,130.279898,50.000000,129.237659
LINE,9
50.000000,104.223918,50.000000,101.097201
LINE,9
50.000000,97.970483,50.000000,96.928244
LINE,9
50.000000,28.140458,50.000000,27.098219
LINE,9
50.000000,14.591349,50.000000,13.549109
LINE,9
50.000000,11.464631,50.000000,9.380153
LINE,9
50.000000,7.295674,50.000000,6.253435
LINE,9
50.000000,5.211196,50.000000,3.126718
LINE,9
50.000000,1.042239,50.000000,0.000000
LINE,9
51.041667,101.097201,51.041667,95.886005
LINE,9
51.041667,84.421374,51.041667,59.407633
LINE,9
51.041667,58.365394,51.041667,56.280916
LINE,9
51.041667,55.238677,51.041667,54.196438
LINE,9
51.041667,48.985242,51.041667,47.943002
LINE,9
51.041667,46.900763,51.041667,45.858524
LINE,9
51.041667,43.774046,51.041667,42.731807
LINE,9
51.041667,37.520611,51.041667,36.478371
LINE,9
51.041667,30.224936,51.041667,27.098219
LINE,9
51.041667,26.055980,51.041667,23.971501
LINE,9
51.041667,18.760305,51.041667,17.718066
LINE,9
51.041667,16.675827,51.041667,15.633588
LINE,9
51.041667,13.549109,51.041667,10.422392
LINE,9
51.041667,8.337913,51.041667,7.295674
LINE,9
51.041667,6.253435,51.041667,5.211196
LINE,9
52.083333,129.237659,52.083333,128.195420
LINE,9
52.083333,108.392875,52.083333,107.350636
LINE,9
52.083333,84.421374,52.083333,60.449873
LINE,9
52.083333,59.407633,52.083333,58.365394
LINE,9
52.083333,56.280916,52.083333,55.238677
LINE,9
52.083333,54.196438,52.083333,53.154198
LINE,9
52.083333,50.027481,52.083333,47.943002
LINE,9
52.083333,46.900763,52.083333,45.858524
LINE,9
52.083333,42.731807,52.083333,40.647328
LINE,9
52.083333,39.605089,52.083333,38.562850
LINE,9
52.083333,37.520611,52.083333,36.478371
LINE,9
52.083333,30.224936,52.083333,27.098219
LINE,9
52.083333,16.675827,52.083333,14.591349
LINE,9
52.083333,12.506870,52.083333,11.464631
LINE,9
52.083333,9.380153,52.083333,7.295674
LINE,9
52.083333,6.253435,52.083333,5.211196
LINE,9
52.083333,3.126718,52.083333,2.084478
LINE,9
53.125000,60.449873,53.125000,57.323155
LINE,9
53.125000,56.280916,53.125000,55.238677
LINE,9
53.125000,53.154198,53.125000,50.027481
LINE,9
53.125000,43.774046,53.125000,40.647328
LINE,9
53.125000,39.605089,53.125000,38.562850
LINE,9
53.125000,30.224936,53.125000,26.055980
LINE,9
53.125000,18.760305,53.125000,17.718066
LINE,9
53.125000,15.633588,53.125000,14.591349
LINE,9
53.125000,13.549109,53.125000,11.464631
LINE,9
53.125000,9.380153,53.125000,8.337913
LINE,9
53.125000,7.295674,53.125000,5.211196
LINE,9
53.125000,2.084478,53.125000,0.000000
LINE,9
54.166667,107.350636,54.166667,106.308397
LINE,9
54.166667,57.323155,54.166667,56.280916
LINE,9
54.166667,30.224936,54.166667,27.098219
LINE,9
54.166667,26.055980,54.166667,25.013740
LINE,9
54.166667,14.591349,54.166667,13.549109
LINE,9
54.166667,8.337913,54.166667,7.295674
LINE,9
54.166667,6.253435,54.166667,1.042239
LINE,9
55.208333,129.237659,55.208333,128.195420
LINE,9
55.208333,55.238677,55.208333,54.196438
LINE,9
55.208333,47.943002,55.208333,46.900763
LINE,9
55.208333,30.224936,55.208333,25.013740
LINE,9
55.208333,16.675827,55.208333,15.633588
LINE,9
55.208333,14.591349,55.208333,13.549109
LINE,9
55.208333,12.506870,55.208333,11.464631
LINE,9
55.208333,10.422392,55.208333,9.380153
LINE,9
55.208333,4.168957,55.208333,3.126718
LINE,9
56.250000,54.196438,56.250000,53.154198
LINE,9
56.250000,52.111959,56.250000,51.069720
LINE,9
56.250000,48.985242,56.250000,47.943002
LINE,9
56.250000,46.900763,56.250000,45.858524
LINE,9
56.250000,25.013740,56.250000,23.971501
LINE,9
56.250000,19.802544,56.250000,18.760305
LINE,9
56.250000,16.675827,56.250000,15.633588
LINE,9
56.250000,11.464631,56.250000,9.380153
LINE,9
56.250000,4.168957,56.250000,2.084478
LINE,9
57.291667,106.308397,57.291667,105.266158
LINE,9
57.291667,53.154198,57.291667,52.111959
LINE,9
57.291667,51.069720,57.291667,47.943002
LINE,9
57.291667,46.900763,57.291667,45.858524
LINE,9
57.291667,40.647328,57.291667,39.605089
LINE,9
57.291667,32.309415,57.291667,23.971501
LINE,9
57.291667,19.802544,57.291667,18.760305
LINE,9
57.291667,13.549109,57.291667,10.422392
LINE,9
57.291667,7.295674,57.291667,6.253435
LINE,9
57.291667,4.168957,57.291667,1.042239
LINE,9
58.333333,47.943002,58.333333,46.900763
LINE,9
58.333333,40.647328,58.333333,37.520611
LINE,9
58.333333,29.182697,58.333333,28.140458
LINE,9
58.333333,25.013740,58.333333,19.802544
LINE,9
58.333333,18.760305,58.333333,16.675827
LINE,9
58.333333,13.549109,58.333333,11.464631
LINE,9
58.333333,10.422392,58.333333,9.380153
LINE,9
58.333333,7.295674,58.333333,5.211196
LINE,9
58.333333,2.084478,58.333333,1.042239
LINE,9
59.375000,40.647328,59.375000,39.605089
LINE,9
59.375000,37.520611,59.375000,32.309415
LINE,9
59.375000,29.182697,59.375000,28.140458
LINE,9
59.375000,27.098219,59.375000,25.013740
LINE,9
59.375000,20.844784,59.375000,19.802544
LINE,9
59.375000,18.760305,59.375000,16.675827
LINE,9
59.375000,15.633588,59.375000,14.591349
LINE,9
59.375000,11.464631,59.375000,10.422392
LINE,9
59.375000,6.253435,59.375000,5.211196
LINE,9
60.416667,106.308397,60.416667,105.266158
LINE,9
60.416667,37.520611,60.416667,36.478371
LINE,9
60.416667,21.887023,60.416667,20.844784
LINE,9
60.416667,15.633588,60.416667,14.591349
LINE,9
60.416667,13.549109,60.416667,8.337913
LINE,9
60.416667,5.211196,60.416667,4.168957
LINE,9
60.416667,3.126718,60.416667,1.042239
LINE,9
61.458333,108.392875,61.458333,106.308397
LINE,9
61.458333,40.647328,61.458333,39.605089
LINE,9
61.458333,21.887023,61.458333,19.802544
LINE,9
61.458333,18.760305,61.458333,14.591349
LINE,9
61.458333,12.506870,61.458333,10.422392
LINE,9
61.458333,9.380153,61.458333,8.337913
LINE,9
61.458333,7.295674,61.458333,6.253435
LINE,9
61.458333,5.211196,61.458333,3.126718
LINE,9
61.458333,2.084478,61.458333,1.042239
LINE,9
62.500000,40.647328,62.500000,39.605089
LINE,9
62.500000,28.140458,62.500000,27.098219
LINE,9
62.500000,14.591349,62.500000,13.549109
LINE,9
62.500000,11.464631,62.500000,10.422392
LINE,9
62.500000,5.211196,62.500000,3.126718
LINE,9
63.541667,129.237659,63.541667,128.195420
LINE,9
63.541667,41.689567,63.541667,39.605089
LINE,9
63.541667,33.351654,63.541667,29.182697
LINE,9
63.541667,28.140458,63.541667,27.098219
LINE,9
63.541667,25.013740,63.541667,23.971501
LINE,9
63.541667,16.675827,63.541667,15.633588
LINE,9
63.541667,14.591349,63.541667,12.506870
LINE,9
63.541667,8.337913,63.541667,6.253435
LINE,9
63.541667,4.168957,63.541667,3.126718
LINE,9
64.583333,40.647328,64.583333,39.605089
LINE,9
64.583333,36.478371,64.583333,34.393893
LINE,9
64.583333,33.351654,64.583333,32.309415
LINE,9
64.583333,25.013740,64.583333,23.971501
LINE,9
64.583333,19.802544,64.583333,16.675827
LINE,9
64.583333,15.633588,64.583333,13.549109
LINE,9
64.583333,11.464631,64.583333,10.422392
LINE,9
64.583333,5.211196,64.583333,2.084478
LINE,9
65.625000,112.561832,65.625000,108.392875
LINE,9
65.625000,36.478371,65.625000,32.309415
LINE,9
65.625000,20.844784,65.625000,19.802544
LINE,9
65.625000,13.549109,65.625000,11.464631
LINE,9
65.625000,7.295674,65.625000,3.126718
LINE,9
66.666667,121.941985,66.666667,119.857506
LINE,9
66.666667,113.604071,66.666667,112.561832
LINE,9
66.666667,22.929262,66.666667,21.887023
LINE,9
66.666667,14.591349,66.666667,11.464631
LINE,9
66.666667,7.295674,66.666667,2.084478
LINE,9
67.708333,128.195420,67.708333,127.153180
LINE,9
67.708333,42.731807,67.708333,41.689567
LINE,9
67.708333,34.393893,67.708333,32.309415
LINE,9
67.708333,21.887023,67.708333,20.844784
LINE,9
67.708333,14.591349,67.708333,12.506870
LINE,9
67.708333,11.464631,67.708333,10.422392
LINE,9
67.708333,1.042239,67.708333,0.000000
LINE,9
68.750000,121.941985,68.750000,119.857506
LINE,9
68.750000,114.646310,68.750000,113.604071
LINE,9
68.750000,32.309415,68.750000,29.182697
LINE,9
68.750000,22.929262,68.750000,18.760305
LINE,9
68.750000,17.718066,68.750000,15.633588
LINE,9
68.750000,14.591349,68.750000,10.422392
LINE,9
69.791667,114.646310,69.791667,113.604071
LINE,9
69.791667,42.731807,69.791667,41.689567
LINE,9
69.791667,20.844784,69.791667,18.760305
LINE,9
69.791667,17.718066,69.791667,15.633588
LINE,9
69.791667,14.591349,69.791667,11.464631
LINE,9
69.791667,8.337913,69.791667,5.211196
LINE,9
70.833333,114.646310,70.833333,113.604071
LINE,9
70.833333,20.844784,70.833333,12.506870
LINE,9
70.833333,8.337913,70.833333,7.295674
LINE,9
71.875000,129.237659,71.875000,127.153180
LINE,9
71.875000,114.646310,71.875000,113.604071
LINE,9
71.875000,29.182697,71.875000,28.140458
LINE,9
71.875000,22.929262,71.875000,21.887023
LINE,9
71.875000,20.844784,71.875000,12.506870
LINE,9
71.875000,5.211196,71.875000,3.126718
LINE,9
71.875000,2.084478,71.875000,1.042239
LINE,9
72.916667,130.279898,72.916667,129.237659
LINE,9
72.916667,128.195420,72.916667,126.110941
LINE,9
72.916667,113.604071,72.916667,112.561832
LINE,9
72.916667,41.689567,72.916667,39.605089
LINE,9
72.916667,29.182697,72.916667,28.140458
LINE,9
72.916667,23.971501,72.916667,22.929262
LINE,9
72.916667,20.844784,72.916667,17.718066
LINE,9
72.916667,3.126718,72.916667,2.084478
LINE,9
72.916667,1.042239,72.916667,0.000000
LINE,9
73.958333,130.279898,73.958333,128.195420
LINE,9
73.958333,126.110941,73.958333,125.068702
LINE,9
73.958333,22.929262,73.958333,21.887023
LINE,9
73.958333,18.760305,73.958333,16.675827
LINE,9
73.958333,3.126718,73.958333,0.000000
LINE,9
75.000000,112.561832,75.000000,111.519593
LINE,9
75.000000,30.224936,75.000000,27.098219
LINE,9
75.000000,23.971501,75.000000,22.929262
LINE,9
75.000000,16.675827,75.000000,14.591349
LINE,9
75.000000,12.506870,75.000000,10.422392
LINE,9
75.000000,3.126718,75.000000,0.000000
LINE,9
76.041667,111.519593,76.041667,109.435114
LINE,9
76.041667,27.098219,76.041667,26.055980
LINE,9
76.041667,23.971501,76.041667,22.929262
LINE,9
76.041667,16.675827,76.041667,15.633588
LINE,9
76.041667,6.253435,76.041667,2.084478
LINE,9
76.041667,1.042239,76.041667,0.000000
LINE,9
77.083333,109.435114,77.083333,108.392875
LINE,9
77.083333,33.351654,77.083333,30.224936
LINE,9
77.083333,27.098219,77.083333,25.013740
LINE,9
77.083333,21.887023,77.083333,20.844784
LINE,9
77.083333,7.295674,77.083333,5.211196
LINE,9
77.083333,1.042239,77.083333,0.000000
LINE,9
78.125000,108.392875,78.125000,107.350636
LINE,9
78.125000,34.393893,78.125000,33.351654
LINE,9
78.125000,30.224936,78.125000,29.182697
LINE,9
78.125000,28.140458,78.125000,27.098219
LINE,9
78.125000,26.055980,78.125000,25.013740
LINE,9
78.125000,22.929262,78.125000,19.802544
LINE,9
78.125000,14.591349,78.125000,13.549109
LINE,9
78.125000,7.295674,78.125000,6.253435
LINE,9
79.166667,35.436132,79.166667,31.267176
LINE,9
79.166667,30.224936,79.166667,27.098219
LINE,9
79.166667,20.844784,79.166667,19.802544
LINE,9
79.166667,16.675827,79.166667,13.549109
LINE,9
79.166667,9.380153,79.166667,8.337913
LINE,9
79.166667,7.295674,79.166667,5.211196
LINE,9
79.166667,3.126718,79.166667,2.084478
LINE,9
80.208333,108.392875,80.208333,107.350636
LINE,9
80.208333,37.520611,80.208333,35.436132
LINE,9
80.208333,20.844784,80.208333,19.802544
LINE,9
80.208333,18.760305,80.208333,15.633588
LINE,9
80.208333,9.380153,80.208333,8.337913
LINE,9
80.208333,7.295674,80.208333,5.211196
LINE,9
80.208333,4.168957,80.208333,3.126718
LINE,9
81.250000,39.605089,81.250000,37.520611
LINE,9
81.250000,36.478371,81.250000,35.436132
LINE,9
81.250000,26.055980,81.250000,25.013740
LINE,9
81.250000,22.929262,81.250000,21.887023
LINE,9
81.250000,20.844784,81.250000,18.760305
LINE,9
81.250000,17.718066,81.250000,12.506870
LINE,9
81.250000,10.422392,81.250000,8.337913
LINE,9
81.250000,5.211196,81.250000,4.168957
LINE,9
82.291667,126.110941,82.291667,125.068702
LINE,9
82.291667,108.392875,82.291667,107.350636
LINE,9
82.291667,39.605089,82.291667,38.562850
LINE,9
82.291667,26.055980,82.291667,25.013740
LINE,9
82.291667,7.295674,82.291667,5.211196
LINE,9
82.291667,4.168957,82.291667,1.042239
LINE,9
83.333333,127.153180,83.333333,126.110941
LINE,9
83.333333,107.350636,83.333333,104.223918
LINE,9
83.333333,103.181679,83.333333,99.012722
LINE,9
83.333333,36.478371,83.333333,35.436132
LINE,9
83.333333,22.929262,83.333333,11.464631
LINE,9
83.333333,4.168957,83.333333,3.126718
LINE,9
83.333333,2.084478,83.333333,1.042239
LINE,9
84.375000,128.195420,84.375000,127.153180
LINE,9
84.375000,104.223918,84.375000,103.181679
LINE,9
84.375000,99.012722,84.375000,97.970483
LINE,9
84.375000,45.858524,84.375000,36.478371
LINE,9
84.375000,29.182697,84.375000,22.929262
LINE,9
84.375000,21.887023,84.375000,11.464631
LINE,9
85.416667,130.279898,85.416667,128.195420
LINE,9
85.416667,111.519593,85.416667,108.392875
LINE,9
85.416667,47.943002,85.416667,44.816285
LINE,9
85.416667,29.182697,85.416667,21.887023
LINE,9
85.416667,20.844784,85.416667,16.675827
LINE,9
85.416667,15.633588,85.416667,13.549109
LINE,9
85.416667,12.506870,85.416667,11.464631
LINE,9
85.416667,6.253435,85.416667,1.042239
LINE,9
86.458333,112.561832,86.458333,111.519593
LINE,9
86.458333,108.392875,86.458333,105.266158
LINE,9
86.458333,97.970483,86.458333,96.928244
LINE,9
86.458333,47.943002,86.458333,46.900763
LINE,9
86.458333,29.182697,86.458333,21.887023
LINE,9
86.458333,19.802544,86.458333,18.760305
LINE,9
86.458333,17.718066,86.458333,16.675827
LINE,9
86.458333,8.337913,86.458333,6.253435
LINE,9
86.458333,1.042239,86.458333,0.000000
LINE,9
87.500000,112.561832,87.500000,111.519593
LINE,9
87.500000,108.392875,87.500000,107.350636
LINE,9
87.500000,105.266158,87.500000,104.223918
LINE,9
87.500000,103.181679,87.500000,102.139440
LINE,9
87.500000,97.970483,87.500000,96.928244
LINE,9
87.500000,48.985242,87.500000,47.943002
LINE,9
87.500000,29.182697,87.500000,28.140458
LINE,9
87.500000,26.055980,87.500000,23.971501
LINE,9
87.500000,22.929262,87.500000,17.718066
LINE,9
87.500000,15.633588,87.500000,10.422392
LINE,9
87.500000,8.337913,87.500000,6.253435
LINE,9
88.541667,103.181679,88.541667,101.097201
LINE,9
88.541667,37.520611,88.541667,28.140458
LINE,9
88.541667,25.013740,88.541667,23.971501
LINE,9
88.541667,21.887023,88.541667,20.844784
LINE,9
88.541667,19.802544,88.541667,17.718066
LINE,9
88.541667,12.506870,88.541667,11.464631
LINE,9
88.541667,8.337913,88.541667,6.253435
LINE,9
89.583333,105.266158,89.583333,104.223918
LINE,9
89.583333,101.097201,89.583333,97.970483
LINE,9
89.583333,48.985242,89.583333,37.520611
LINE,9
89.583333,27.098219,89.583333,26.055980
LINE,9
89.583333,25.013740,89.583333,20.844784
LINE,9
89.583333,19.802544,89.583333,14.591349
LINE,9
89.583333,11.464631,89.583333,8.337913
LINE,9
90.625000,72.956743,90.625000,46.900763
LINE,9
90.625000,45.858524,90.625000,43.774046
LINE,9
90.625000,37.520611,90.625000,13.549109
LINE,9
90.625000,10.422392,90.625000,6.253435
LINE,9
91.666667,111.519593,91.666667,110.477354
LINE,9
91.666667,109.435114,91.666667,108.392875
LINE,9
91.666667,102.139440,91.666667,100.054962
LINE,9
91.666667,72.956743,91.666667,63.576590
LINE,9
91.666667,62.534351,91.666667,61.492112
LINE,9
91.666667,60.449873,91.666667,56.280916
LINE,9
91.666667,36.478371,91.666667,34.393893
LINE,9
91.666667,29.182697,91.666667,27.098219
LINE,9
91.666667,21.887023,91.666667,19.802544
LINE,9
91.666667,18.760305,91.666667,17.718066
LINE,9
91.666667,15.633588,91.666667,14.591349
LINE,9
91.666667,11.464631,91.666667,9.380153
LINE,9
91.666667,7.295674,91.666667,5.211196
LINE,9
91.666667,4.168957,91.666667,3.126718
LINE,9
92.708333,107.350636,92.708333,106.308397
LINE,9
92.708333,94.843766,92.708333,72.956743
LINE,9
92.708333,69.830025,92.708333,68.787786
LINE,9
92.708333,58.365394,92.708333,57.323155
LINE,9
92.708333,55.238677,92.708333,51.069720
LINE,9
92.708333,50.027481,92.708333,37.520611
LINE,9
92.708333,29.182697,92.708333,20.844784
LINE,9
92.708333,18.760305,92.708333,17.718066
LINE,9
92.708333,16.675827,92.708333,11.464631
LINE,9
92.708333,7.295674,92.708333,5.211196
LINE,9
93.750000,110.477354,93.750000,109.435114
LINE,9
93.750000,106.308397,93.750000,105.266158
LINE,9
93.750000,87.548091,93.750000,86.505852
LINE,9
93.750000,85.463613,93.750000,75.041221
LINE,9
93.750000,67.745547,93.750000,64.618829
LINE,9
93.750000,63.576590,93.750000,57.323155
LINE,9
93.750000,55.238677,93.750000,51.069720
LINE,9
93.750000,50.027481,93.750000,44.816285
LINE,9
93.750000,42.731807,93.750000,38.562850
LINE,9
93.750000,35.436132,93.750000,20.844784
LINE,9
93.750000,19.802544,93.750000,11.464631
LINE,9
93.750000,6.253435,93.750000,5.211196
LINE,9
93.750000,1.042239,93.750000,0.000000
LINE,9
94.791667,101.097201,94.791667,90.674809
LINE,9
94.791667,75.041221,94.791667,73.998982
LINE,9
94.791667,72.956743,94.791667,69.830025
LINE,9
94.791667,67.745547,94.791667,65.661069
LINE,9
94.791667,63.576590,94.791667,62.534351
LINE,9
94.791667,61.492112,94.791667,59.407633
LINE,9
94.791667,41.689567,94.791667,40.647328
LINE,9
94.791667,39.605089,94.791667,38.562850
LINE,9
94.791667,19.802544,94.791667,18.760305
LINE,9
94.791667,17.718066,94.791667,16.675827
LINE,9
94.791667,14.591349,94.791667,13.549109
LINE,9
94.791667,12.506870,94.791667,11.464631
LINE,9
94.791667,10.422392,94.791667,9.380153
LINE,9
94.791667,4.168957,94.791667,3.126718
LINE,9
94.791667,1.042239,94.791667,0.000000
LINE,9
95.833333,105.266158,95.833333,104.223918
LINE,9
95.833333,103.181679,95.833333,101.097201
LINE,9
95.833333,100.054962,95.833333,95.886005
LINE,9
95.833333,84.421374,95.833333,73.998982
LINE,9
95.833333,63.576590,95.833333,37.520611
LINE,9
95.833333,31.267176,95.833333,20.844784
LINE,9
95.833333,18.760305,95.833333,17.718066
LINE,9
95.833333,16.675827,95.833333,14.591349
LINE,9
95.833333,13.549109,95.833333,11.464631
LINE,9
95.833333,9.380153,95.833333,8.337913
LINE,9
95.833333,3.126718,95.833333,2.084478
LINE,9
96.875000,106.308397,96.875000,105.266158
LINE,9
96.875000,104.223918,96.875000,102.139440
LINE,9
96.875000,94.843766,96.875000,75.041221
LINE,9
96.875000,73.998982,96.875000,38.562850
LINE,9
96.875000,37.520611,96.875000,20.844784
LINE,9
96.875000,18.760305,96.875000,10.422392
LINE,9
96.875000,9.380153,96.875000,8.337913
LINE,9
97.916667,107.350636,97.916667,106.308397
LINE,9
97.916667,103.181679,97.916667,102.139440
LINE,9
97.916667,101.097201,97.916667,100.054962
LINE,9
97.916667,99.012722,97.916667,94.843766
LINE,9
97.916667,93.801527,97.916667,89.632570
LINE,9
97.916667,88.590331,97.916667,87.548091
LINE,9
97.916667,78.167939,97.916667,59.407633
LINE,9
97.916667,58.365394,97.916667,56.280916
LINE,9
97.916667,53.154198,97.916667,52.111959
LINE,9
97.916667,37.520611,97.916667,23.971501
LINE,9
97.916667,22.929262,97.916667,10.422392
LINE,9
98.958333,109.435114,98.958333,108.392875
LINE,9
98.958333,107.350636,98.958333,106.308397
LINE,9
98.958333,100.054962,98.958333,96.928244
LINE,9
98.958333,78.167939,98.958333,68.787786
LINE,9
98.958333,67.745547,98.958333,66.703308
LINE,9
98.958333,61.492112,98.958333,60.449873
LINE,9
98.958333,59.407633,98.958333,57.323155
LINE,9
98.958333,56.280916,98.958333,54.196438
LINE,9
98.958333,46.900763,98.958333,45.858524
LINE,9
98.958333,42.731807,98.958333,41.689567
LINE,9
98.958333,40.647328,98.958333,37.520611
LINE,9
98.958333,26.055980,98.958333,25.013740
LINE,9
98.958333,23.971501,98.958333,22.929262
LINE,9
98.958333,20.844784,98.958333,12.506870
LINE,9
98.958333,11.464631,98.958333,10.422392
LINE,9
98.958333,8.337913,98.958333,4.168957
LINE,9
98.958333,2.084478,98.958333,0.000000
LINE,9
100.000000,130.279898,100.000000,0.000000
